"NO","NAMA_PENGGUNA","COMMENT","SENTIMEN"
"1","@danofficial2452","Kalau anda pintar menilai.... nilai secara global.... pemenang nya El Rumi....itu tanding ulang sampai kapan pun kalah Jefri","Negatif"
"2","@indriSaman","Pantas menang elrumi.. lebih cerdik Elrumi","Positif"
"3","@smsun1030","Jefri hanya nganalin pukulan 1 2 tapi Elrumi kombinasi pukulan masih bisa berkembang pesat Elrumi kalau dibina beneran","Positif"
"4","@user-cv7qm7ld8m","Heleeeehhhh jeprii ninju angin doank..wuuzz wuuzzz ğŸ˜…ğŸ˜…ğŸ˜…ğŸ˜…","Negatif"
"5","@user-xc9xj4ki2y","El rumi cowok lemah...cuma menang gaya sama bacotnya aja","Negatif"
"6","@mtaqiyuddin4910","Hahah penilain konyol","Negatif"
"7","@semutireng8332","Jefri power dan pukulan good tapi jarang in dan buang2 tenaga
El teknik pukulan masih gaya tarung bebas dan kurang power tapi sering hit masuk dan kebantj badannya yg gede
Harus diperbaiki teknik pukulannya, kalau tekniknya baik yakin sih jefri bisa di TKO el... Gimanaoun dalam bela diri postur berat pengaruhnya gede
Btw si jefri biar intropeksi jangan kebanyakan gaya sok nantangin orang2 gk terlatih giliran ketemu lawannya mewek dipojokan ini baru el si anak mama
Bayangin musuhnya rendy panggalila atau level atlit beneran macam crisjohn dkk jadi ayam geprek si nicole","Negatif"
"8","@user-xo4rb2lh6x","Kocak ğŸ˜…ğŸ˜…ğŸ˜…ğŸ˜…","Netral"
"9","@bayuanggara7213","Sebenarnya Jefri Bagus Powernya Dan Staminanya Lebih Tahan, Hanya Terlihat Ada Sedikit Keraguan,. El Rumi Bagus Jga Hanya Cepat Lowbat ğŸ˜… Tpi Tepatnya Kuat Dan Pandai Mengimbangi Bertahan Sambil Mengisi Stamina. Menurutku Bagitu Sih. Tpi 22 Nya Baik.","Netral"
"10","@ardiansyah-3268","Babak terakhir sama2 letoy seharusnya draw","Negatif"
"11","@aboy937","Tambah 1 ronde... Auto Pingsan dua duanyağŸ˜‚ğŸ˜‚ğŸ˜‚ğŸ˜‚","Netral"
"12","@tonyliong9518","Andaikan kalian berdua lawan Floyd Mayweather apa yang terjadi","Netral"
"13","@user-bo2oc7wc9o","Adu tinju pake pelindung kepalağŸ˜‚ lebih asik by one di lapangan belakang sekolah... BebasğŸ˜‚","Netral"
"14","@ipromotion1686","Kl mau jujur kemenangan harusnya Jefry. Penilaian tinju bukan berdasarkan pukulan masuk, tapi ronde.
Kl lawan jatuh, otomatis poin 10:8 buat yg Mukul. Kl tdk Ada jatuh 9:8. 
Setidaknya Ada 2 ronde dimenangkan Jefry, 1 ronde draw, 1 ronde dimenangkan el rumi. Otomatis poin   35:34 untuk kemenangan Jefry.","Positif"
"15","@aliali-dz2cy","Gak spotif ni wasitnya, sekalipun El Rumi menang, seharusnya Poinnya gak selisi 2, 

Mnurut gw, hanya hakim 1 yg memberikan penilaian yg sportif","Negatif"
"16","@umaralpharidi5030","Jadwalkan Juga sparing artis Wanita ... 
Nikita Mirzani Vs Dewi persik ..","Netral"
"17","@subscribebos","Strategi el rumi bagus, simpen tenaga di akhir ronde, nichole tabrakk terusss , yg akhirnya habis tenaga di akhir ronde, babak 3 dan 4 banyak yg ngelose punch nya ğŸ‰ğŸ‰ğŸ‰","Positif"
"18","@bilabongbungas2035","Wow ptarungann yg luar biasa","Positif"
"19","@bilabongbungas2035","Spertinyaa el cerdas memakai tekhnik","Positif"
"20","@user-bl9ig2rn5k","Acara bagus ini...terbaru bikin musim nichğŸ˜Š","Positif"
"21","@kalibatamantab8092","Jepri berantem elah, doi mah cuma bisa skidipapap sama bokisin cabe cabean !!","Negatif"
"22","@channelcampur202","Baru komen,,,
untung pake pelindung kepala,coba klo ga,JN bisa ngeTKO El...
menurutQ sih","Netral"
"23","@jhokowayfake","Dua duanya pake jurus mabuk?","Netral"
"24","@user-ds3yd2dw9d","Saran saya.... Para artis ini klo mau tunjukin kekuatan nya.. ikuti aja pencak dor. Lebih keliatan skilnya","Positif"
"25","@Moh.faizal","Ronde 4 jefri nocole babak belur dihajar","Negatif"
"26","@ihsannusantara","Kemenanga halu..saya ikutin semua ronde tak satu rondepun dimenangkan oleh El Rumi..","Negatif"
"27","@avengersassemble462","KkajeğŸ—¿ğŸ—¿","Netral"
"28","@sampurna26purna-sl3ks","Jeffri seharusnya menang, banyak anggota dari El jadi disuap","Negatif"
"29","@savanian","Lucu lucuan anak gedongan....","Negatif"
"30","@isarmadina5142","nampak sekali kecurangan xa tahii","Negatif"
"31","@victorandodachi5918","Namanya jg indonesia, pdhl yg banyak pukulan itu jefri ke el. Sabar ya jefri. 
Hi kenalin dong sy victorando sy ingin melawan el itu. Blh dong ekspose sy kesana. Bantu ya yg bisa dukung sy.","Netral"
"32","@tonymlong1081","ego yang tinggi ternyata akan terjerumus kekalahan,resiko jefri sebenernyA udh bisa ko tetapi elrumi udh terllu lelah ketika jefri goyang dn menunuduk di menit terakhir kalo el rumi bisa memanfaatkan moment itu,,,ko sudah","Negatif"
"33","@saldydopa1353","Bener sih yang menang El soalnya power Jefri udah allin diawal ,rounde 3-4 El banyak masuk point' dironde 2 itungangan imbang rounde 1 Jefri bagus tapi sayang udah habis powernya","Netral"
"34","@user-ts5il3cb6z","Sebenarnya pukulan JN lebih mengena dan terarah.dr awal .ada satu ronde yg draw","Netral"
"35","@blackrider4615","Bagi mata yang tidak terlatih, akan terlihat seolah-olah seorang petinju melakukan banyak pukulan, padahal sebagian besar pukulannya diblok atau tidak mendarat dengan rata.Â Seorang juri perlu mencari pukulan keras yang mendarat dengan bersih dan itu yang terjadi. .pukulan EL banyak yang mendarat telak dan bersih bukan spt JN yg nyerempet doangğŸ˜‚","Netral"
"36","@user-ti7tt8bj3m","LucunyağŸ˜‚ğŸ˜‚ğŸ˜‚","Netral"
"37","@axlrae","NEXT FIGHT 
EL RUMI VS AZKA ğŸ‘","Netral"
"38","@pungkaswahyunto34","Harusnya yangvmenang jefri nikol","Negatif"
"39","@Aka_Achmad","Hahahah..El rumi keok..wasit nya payah .buta","Negatif"
"40","@taubatchannel1525","Seharusnya pelindung kepala dibuat lebih tebal lagi..dari bata ringan misalnya","Netral"
"41","@ludiayopijuniawan1702","Sangat jelas sekaliğŸ˜…ğŸ˜…ğŸ˜…","Netral"
"42","@imutmainah8084","kayak emosi gitu si jerfriğŸ¤£","Netral"
"43","@user-cn8vi5hi7u","Jlas bgt el kalah hakim g adil","Negatif"
"44","@PERKONGSIANVIDEOONLINE","jn nafsu banget","Negatif"
"45","@user-bx5cz6vy4h","Sengaja kalik kalah jefry","Negatif"
"46","@user-tm6ir8wy4d","Dominan tarungan D bang jefri.. eh trnyata malah k balik yg menang el..hadeh","Negatif"
"47","@user-wf1jj1jy4f","tinju gk jelas","Negatif"
"48","@daffaputranto","Jefri ngandelin hook
El rumi ngandelin jab and straight
Gw akuin hook itu bikin nguras tenaga. Jarang bgt jefri ngelakuin jab and straight harusnya dia kaya el. Makanya terkuras abis staminanya jefri. Goodjob el rumi dan jefri mantap","Netral"
"49","@teguhriyadi-rq6lo","Pdhl bgus jefri mainy.tpi mlh mnang el . aneh","Negatif"
"50","@WarnerBrosAceh-ie4lf","2 idiot sudah bertarungğŸ˜‚ğŸ˜‚","Negatif"
"51","@romualdusjefri9639","Lemah banget mreka dua ni....memang klo kami org timur beda yah...kami lebih kuat dari mreka","Negatif"
"52","@Pengaranghandal5521","Masalahnya strategi sih. Jeff nargetin round awal tp perjanjiann make pelindung kpl, lawanya El bukan haters yg gapunya basic boxing. El disiplinnya konsisten dan Jeff terlalu ambisi buat Tko","Negatif"
"53","@user-gg3uq6xl7w","Wasit nyaa ajng","Negatif"
"54","@zahrakirana2933","Hahahaha habis nafas petinju sempoyongan","Negatif"
"55","@anakitiktokwi2939","Tinju yg lucu ğŸ˜‚ğŸ˜‚ğŸ˜‚ğŸ˜‚","Netral"
"56","@anakitiktokwi2939","Jeffri itu kayak mau membunuh elğŸ˜‚ğŸ˜‚ğŸ˜‚ğŸ˜‚makanya pukulannya ganas ganasğŸ˜‚ğŸ˜‚ğŸ˜‚.. Dia sesuainya jd Street fighter ajağŸ˜‚ğŸ˜‚ğŸ˜‚ğŸ˜‚","Negatif"
"57","@dedemark1736","Aku blm hbs ntn .baru 1 ronde ja. Ku lihat gesit jefrry.. tpi lanjut dulu.ğŸ˜‚ğŸ˜Š","Netral"
"58","@rogerstanley3005","Juri nya dibayar berapa sm si botak?ğŸ¤”","Negatif"
"59","@ujangtea5890","laki banget dh rumi","Positif"
"60","@nawirmunawir486","Pukulanya mirip emak2.lg hamilğŸ˜‚","Negatif"
"61","@moroberkah5310","Terlalu ingin menjatuhkan elrumi,, tapi pukulan jadi ga terarah.. main kyk gitu round 3 biasanya  sdh ngos2an.. round 4 smpe akhir milik elrumi","Negatif"
"62","@tandanielwijaya3047","Curang menurut saya jefri lebih banyak memukul telak... Ga masuk akal ini permainan","Negatif"
"63","@hendrasuwandra991","seru Bos","Positif"
"64","@user-tp4oz6yo5e","Ah curang seharusnya Jefri menang","Negatif"
"65","@dianalimardi88","Bagus lah. Biar si JN jangan sok jago mulu. JN dorong2 mulu. Berharap si El jatoh n mentalnya jatoh. Padahal bukan krn dipukul tp krn didorong.","Positif"
"66","@jajangsuriadin960","Padahal masih muda napas nya ampun cuman 4 rondeğŸ¤£ bayangin kalo d pukul Ryan GarciağŸ¤£","Netral"
"67","@holigoodslazada4338","UANG BERBICARA","Negatif"
"68","@medailyshorts","ğŸ˜‚","Netral"
"69","@halfway7241","Oh tinju ya, kirain balap motor pake helmğŸ˜…","Netral"
"70","@epinluneto","Jefri Nichols vs Randi Pangalila figth MMA?? 
mnding gak usah, kasih Jefri nya nnti, dijadiin samsakğŸ˜","Netral"
"71","@user-og5hn5rl5h","Pukulan jauh bnyk jefri  tapi pukulnya banyk ke badan dan kena angin","Netral"
"72","@rezapramanaputra5652","El kaburÂ².an mulu ğŸ˜…","Negatif"
"73","@lestarijaya1962","Komentatornya qemihak el rumi","Negatif"
"74","@Sunsun-pg6qj","Konten. Orang bodoh saja yang se7 dengan kemenangan itu. Jelas2 nikol yang lebih banyak masuk pukulan nya. 

Jangan di tonton lagi acara seperti ini","Negatif"
"75","@iwayansumarsana6988","Klo saya lihat jefri lah the winner...krn byk pukulan jab nya masuk....wahhhh da pa nich...","Netral"
"76","@ferriiswanto1069","Kok bisa gitu ya, yg dibantai siapa yg menang siapa.","Netral"
"77","@3GChannel828","Mau kalah mau menang
Mereka itu gentle","Positif"
"78","@novianasari621","untuk energi dan stamina gw pro ke jefri, untuk pertahanan memang el lbh bisa mengontrol pertahanan nya, pukulan el lbh sering kena mungkin krna tangannya lebih panjang nggak siğŸ˜… gw ğŸ˜…kurang paham olahraga ini","Netral"
"79","@user-cl3pt4zb8i","Apan.y jelas jelas poin di tangan jefri nikol. Masa yg menang al. Poin mutlak buat jefri.nokol bos.","Negatif"
"80","@singgihw9900","Bgusan el rumu , rapih","Positif"
"81","@jhozemadrid4444","Juri apaan?? Ronde 1-3 jefri unggul, ronde 4 el rumi emang unggul sih tapi menit 7:42 el jatuh bukan kepleset itu pukulan dan kuda2nya yg gk kuat.. ga jelas jurinya gw nntn 3x dari 2 sisi, dari sudut pandang el sama jefri, harusnya jefri win no debat!","Negatif"
"82","@petualang90tv94","El irit tenaga di awal ronde.","Netral"
"83","@agussatria2235","Main sogok dong","Negatif"
"84","@pampam-tu8hj","Di pertandingan ini inyong idolaku yg menang ....","Positif"
"85","@hakimyangadil5768","Ngk JELAS CapekÂ² Bertanding aja kalau Juri Indonesian bisa d sogok, sungguh Membangonkan Para Petaruh aja Kalau begitu ğŸ˜‚ğŸ˜‚ğŸ˜‚","Negatif"
"86","@laksonoroy5109","Pesona Ahmad dhani  dipecah diturunkan ke ketiga anaknya : 
Al : flamboyan
El : fighter 
Dul : seniman/musik","Positif"
"87","@jumrianimuntaha5479","Yg menang poin masuk UGD.
Lah yg kalah poin masuk Rumah makan..
Busettttt dahğŸ˜…ğŸ˜…ğŸ˜‚ğŸ˜‚ğŸ˜‚","Negatif"
"88","@mahyudiyudi8082","Jefri vs duit","Negatif"
"89","@suspect6421","Ini baru keren, gimana kalau lawan celos wkwkwkwk","Positif"
"90","@SifaluMakruf-nw1wq","Coba lawan alghazali","Netral"
"91","@anisawicaksono5994","Apakah ini setingan..ğŸ˜‚ğŸ˜‚ğŸ˜‚","Netral"
"92","@ramdhanirama9951","Lu punya uang lu punya kuasağŸ˜‚bapak nya menghalalkan segala cara untuk kemenangan anak nyağŸ˜Š","Negatif"
"93","@ramdhanirama9951","Kalo ga pakek pelindung seru ini","Netral"
"94","@oblank3535","Wah nnti pasti ical turun nih tanding sama adenya el
ğŸ˜…","Netral"
"95","@kawanriot1617","Kaya emak2 berantem ga sih","Negatif"
"96","@SyaifBahri","Kelas rongsok","Negatif"
"97","@kamdahir390","Lebih seru ini dr pda si vicky vs azka","Positif"
"98","@RadennJery","Bacot lah jelas2 yang harusnya yang menguasai pertandingan yang harusnya menang, biasa lah sistem indo jagoan slalu kalah sama pihak kedua","Negatif"
"99","@ImanNungkyKautsar","Kayak McGregor vs Diaz di UFC. McGregor yang hobi taunting dan ngeles ngabisin energi lawannya, sama Diaz yang gak terlalu bisa taunting, body dan tenaga lebih gede, yang penting bisa gebukin lawannya. ğŸ˜‚","Netral"
"100","@rustamasa4377","Menang poin dr wasid doank sih.
Dan faktanya sekarang El_Rumi malah tepar. Padahal lebih tinggi lebih panjang pula.","Negatif"
"101","@abdulfatah8579","Jefri terlalu emosi jadi pukulannya banyak yg kosong sedangkan el tekniknya pinter Ã°Å¸â€˜ÂÃ°Å¸ÂÂ½","Netral"
"102","@aboy937","Tambah 1 ronde... Auto Pingsan dua duanyaÃ°Å¸Ëœâ€šÃ°Å¸Ëœâ€šÃ°Å¸Ëœâ€šÃ°Å¸Ëœâ€š","Netral"
"103","@Aka_Achmad","Hahahah..El rumi keok..wasit nya payah .buta","Negatif"
"104","@alfaizkhairunnisa8861","Komen nya pada serius amat Ã°Å¸Ëœâ€šÃ°Å¸Ëœâ€š.itu Udh di atur sblm bertarung siapa yg menang siapa yg kalah Ã°Å¸Ëœâ€šÃ°Å¸Ëœâ€š","Netral"
"105","@aliali-dz2cy","Gak spotif ni wasitnya sekalipun El Rumi menang seharusnya Poinnya gak selisi 2   Mnurut gw hanya hakim 1 yg memberikan penilaian yg sportif","Negatif"
"106","@anakitiktokwi2939","Jeffri itu kayak mau membunuh elÃ°Å¸Ëœâ€šÃ°Å¸Ëœâ€šÃ°Å¸Ëœâ€šÃ°Å¸Ëœâ€šmakanya pukulannya ganas ganasÃ°Å¸Ëœâ€šÃ°Å¸Ëœâ€šÃ°Å¸Ëœâ€š.. Dia sesuainya jd Street fighter ajaÃ°Å¸Ëœâ€šÃ°Å¸Ëœâ€šÃ°Å¸Ëœâ€šÃ°Å¸Ëœâ€š","Netral"
"107","@anakitiktokwi2939","Tinju yg lucu Ã°Å¸Ëœâ€šÃ°Å¸Ëœâ€šÃ°Å¸Ëœâ€šÃ°Å¸Ëœâ€š","Netral"
"108","@aprixaurora3360","lucu disogok berapa para jurinya shg bs menang","Negatif"
"109","@ardiansyah-3268","Babak terakhir sama2 letoy seharusnya draw","Netral"
"110","@asrulaslami1438","Norak skali cara tinju ini","Negatif"
"111","@avengersassemble462","KkajeÃ°Å¸â€”Â¿Ã°Å¸â€”Â¿","Netral"
"112","@axlrae","NEXT FIGHT  EL RUMI VS AZKA Ã°Å¸â€˜Â","Netral"
"113","@bayuanggara7213","Sebenarnya Jefri Bagus Powernya Dan Staminanya Lebih Tahan Hanya Terlihat Ada Sedikit Keraguan. El Rumi Bagus Jga Hanya Cepat Lowbat Ã°Å¸Ëœâ€¦ Tpi Tepatnya Kuat Dan Pandai Mengimbangi Bertahan Sambil Mengisi Stamina. Menurutku Bagitu Sih. Tpi 22 Nya Baik.","Netral"
"114","@bilabongbungas2035","Spertinyaa el cerdas memakai tekhnik","Positif"
"115","@bilabongbungas2035","Wow ptarungann yg luar biasa","Positif"
"116","@blackrider4615","Bagi mata yang tidak terlatih akan terlihat seolah-olah seorang petinju melakukan banyak pukulan padahal sebagian besar pukulannya diblok atau tidak mendarat dengan rata.Ã‚Â Seorang juri perlu mencari pukulan keras yang mendarat dengan bersih dan itu yang terjadi. .pukulan EL banyak yang mendarat telak dan bersih bukan spt JN yg nyerempet doangÃ°Å¸Ëœâ€š","Netral"
"117","@channelcampur202","Baru komen untung pake pelindung kepalacoba klo gaJN bisa ngeTKO El... menurutQ sih","Netral"
"118","@daffaputranto","Jefri ngandelin hook El rumi ngandelin jab and straight Gw akuin hook itu bikin nguras tenaga. Jarang bgt jefri ngelakuin jab and straight harusnya dia kaya el. Makanya terkuras abis staminanya jefri. Goodjob el rumi dan jefri mantap","Netral"
"119","@danofficial2452","Ngos ngosanÃ°Å¸Ëœâ€šÃ°Å¸Ëœâ€šÃ°Å¸Ëœâ€š","Netral"
"120","@darulhafizhin8788","Ikut terhibut.. Baru sekarang lihat pertandingannya..   El labih banyak kena sasaran pukulannya di banding jefri.. Pantas kalau el menang..   Penilaian saya sebagai penonton juri nya sudah Objektif dalam menilai..","Positif"
"121","@dedemark1736","Aku blm hbs ntn .baru 1 ronde ja. Ku lihat gesit jefrry.. tpi lanjut dulu.Ã°Å¸Ëœâ€šÃ°Å¸ËœÅ ","Netral"
"122","@dedyistta9930","Klo lihat di google tingginya gk jauh beda. Klo disini kontras banget perbedaannya","Netral"
"123","@dewapermana2198","Jefri mantap gesit","Positif"
"124","@dianalimardi88","Bagus lah. Biar si JN jangan sok jago mulu. JN dorong2 mulu. Berharap si El jatoh n mentalnya jatoh. Padahal bukan krn dipukul tp krn didorong.","Positif"
"125","@epinluneto","Jefri Nichols vs Randi Pangalila figth MMA??  mnding gak usah kasih Jefri nya nnti dijadiin samsakÃ°Å¸ËœÂ","Negatif"
"126","@fianaferdiansyah343","Tanding ulangpasti Jao si elÃ°Å¸Ëœâ€š","Netral"
"127","@halfway7241","Oh tinju ya kirain balap motor pake helmÃ°Å¸Ëœâ€¦","Netral"
"128","@HendraHendra-st7lr","KLO ga ada pelindung kepala.. El Rumi udah pasti tumbang di awal","Negatif"
"129","@hendrasuwandra991","seru Bos","Netral"
"130","@holigoodslazada4338","UANG BERBICARA","Negatif"
"131","@ihsannusantara","Kemenanga halu..saya ikutin semua ronde tak satu rondepun dimenangkan oleh El Rumi..","Negatif"
"132","@imutmainah8084","kayak emosi gitu si jerfriÃ°Å¸Â¤Â£","Negatif"
"133","@indriSaman","ronde 1: jefri ronde 2: draw ronde 3: el ronde 4: el","Netral"
"134","@ipromotion1686","Kl mau jujur kemenangan harusnya Jefry. Penilaian tinju bukan berdasarkan pukulan masuk tapi ronde. Kl lawan jatuh otomatis poin 10:8 buat yg Mukul. Kl tdk Ada jatuh 9:8.  Setidaknya Ada 2 ronde dimenangkan Jefry 1 ronde draw 1 ronde dimenangkan el rumi. Otomatis poin   35:34 untuk kemenangan Jefry.","Negatif"
"135","@isarmadina5142","nampak sekali kecurangan xa tahii","Negatif"
"136","@iwansaputra9731","Pukukan el bnyak masuk .. jefri mengandalakan kekuatan tapi sering miss sehingga stamina cepat terkuras tapi salut buat jefri awal naik sudah mantap  salut juga buat el peningkatan yg bagus ..hasil fair mnurut saya sih ..top buat ke dua nya ..Ã°Å¸â€˜ÂÃ°Å¸â€˜ÂÃ°Å¸â€˜Â","Positif"
"137","@jajangsuriadin960","Padahal masih muda napas nya ampun cuman 4 rondeÃ°Å¸Â¤Â£ bayangin kalo d pukul Ryan GarciaÃ°Å¸Â¤Â£","Negatif"
"138","@jhokowayfake","Dua duanya pake jurus mabuk?","Netral"
"139","@kalibatamantab8092","Jepri berantem elah doi mah cuma bisa skidipapap sama bokisin cabe cabean !!","Netral"
"140","@kanisius3819","Jefri Ã°Å¸â€˜ÂÃ°Å¸â€˜ÂÃ°Å¸â€˜ÂÃ°Å¸â€˜ÂÃ°Å¸â€˜ÂÃ°Å¸â€˜Â","Netral"
"141","@lakhsinsalim298","WKW","Netral"
"142","@lestarijaya1962","Komentatornya qemihak el rumi","Negatif"
"143","@ludiayopijuniawan1702","Sangat jelas sekaliÃ°Å¸Ëœâ€¦Ã°Å¸Ëœâ€¦Ã°Å¸Ëœâ€¦","Positif"
"144","@m27cndy20","Jefri sepertinya lebih memukul dech","Positif"
"145","@medailyshorts","Ã°Å¸Ëœâ€š","Netral"
"146","@Moh.faizal","Ronde 4 jefri nocole babak belur dihajar","Negatif"
"147","@moroberkah5310","Terlalu ingin menjatuhkan elrumi tapi pukulan jadi ga terarah.. main kyk gitu round 3 biasanya  sdh ngos2an.. round 4 smpe akhir milik elrumi","Netral"
"148","@mtaqiyuddin4910","Hahah penilain konyol","Negatif"
"149","@nawirmunawir486","Pukulanya mirip emak2.lg hamilÃ°Å¸Ëœâ€š","Negatif"
"150","@Pengaranghandal5521","Masalahnya strategi sih. Jeff nargetin round awal tp perjanjiann make pelindung kpl lawanya El bukan haters yg gapunya basic boxing. El disiplinnya konsisten dan Jeff terlalu ambisi buat Tko","Negatif"
"151","@PERKONGSIANVIDEOONLINE","jn nafsu banget","Negatif"
"152","@prihandrexsonprihan3812","Itu Karna pukulan Tersungkur wah ga benar wasit","Negatif"
"153","@pungkaswahyunto34","Harusnya yangvmenang jefri nikol","Negatif"
"154","@RDMCREATOR","Bukan soal power stamina juga harus dipikirkan daripada harus buang buang tenaga lebih cepat.. keduanya sudah bagus strategi El menang power Jefri menang napas terakhir pertandingan keliatan sapa yang lebih engap..","Netral"
"155","@redmisdua4650","Mending kalian buat seri daripada menang untuk org yg gak bisa mukul. Dari sorakan penonton aja udah nampak kekecewaan banyak org karna keputusan juri.","Negatif"
"156","@rezapramanaputra5652","El kaburÃ‚Â².an mulu Ã°Å¸Ëœâ€¦","Negatif"
"157","@rianpribadi8598","Apa sy yg salah lihat waktu nya Masi ada 15menit ko udh selesai","Netral"
"158","@RizkiOnly18-kp3vr","Nafas Rokok wkwkwk","Negatif"
"159","@robeerobee3798","Yg lebih kena banyak pukulan malah dia yg menang wkwkwkwwk anehÃ°Å¸Ëœâ€¦Ã°Å¸Ëœâ€¦","Negatif"
"160","@rogerstanley3005","Juri nya dibayar berapa sm si botak?Ã°Å¸Â¤â€","Negatif"
"161","@romualdusjefri9639","Lemah banget mreka dua ni....memang klo kami org timur beda yah...kami lebih kuat dari mreka","Netral"
"162","@saldydopa1353","Bener sih yang menang El soalnya power Jefri udah allin diawal rounde 3-4 El banyak masuk point' dironde 2 itungangan imbang rounde 1 Jefri bagus tapi sayang udah habis powernya","Positif"
"163","@sampurna26purna-sl3ks","Jeffri seharusnya menang banyak anggota dari El jadi disuap","Negatif"
"164","@savanian","Lucu lucuan anak gedongan....","Negatif"
"165","@semutireng8332","Jefri power dan pukulan good tapi jarang in dan buang2 tenaga El teknik pukulan masih gaya tarung bebas dan kurang power tapi sering hit masuk dan kebantj badannya yg gede Harus diperbaiki teknik pukulannya kalau tekniknya baik yakin sih jefri bisa di TKO el... Gimanaoun dalam bela diri postur berat pengaruhnya gede Btw si jefri biar intropeksi jangan kebanyakan gaya sok nantangin orang2 gk terlatih giliran ketemu lawannya mewek dipojokan ini baru el si anak mama Bayangin musuhnya rendy panggalila atau level atlit beneran macam crisjohn dkk jadi ayam geprek si nicole","Netral"
"166","@smsun1030","Pantesan artur beterbiev di juluki monsterÃ°Å¸Ëœâ€šÃ¢ÂÂ¤","Positif"
"167","@subscribebos","Strategi el rumi bagus simpen tenaga di akhir ronde nichole tabrakk terusss  yg akhirnya habis tenaga di akhir ronde babak 3 dan 4 banyak yg ngelose punch nya Ã°Å¸Å½â€°Ã°Å¸Å½â€°Ã°Å¸Å½â€°","Positif"
"168","@Sunsun-pg6qj","Konten. Orang bodoh saja yang se7 dengan kemenangan itu. Jelas2 nikol yang lebih banyak masuk pukulan nya.   Jangan di tonton lagi acara seperti ini","Negatif"
"169","@tancispandiangan1746","Agak lainnm","Netral"
"170","@tandanielwijaya3047","Curang menurut saya jefri lebih banyak memukul telak... Ga masuk akal ini permainan","Negatif"
"171","@taubatchannel1525","Seharusnya pelindung kepala dibuat lebih tebal lagi..dari bata ringan misalnya","Netral"
"172","@teguhriyadi-rq6lo","Pdhl bgus jefri mainy.tpi mlh mnang el . aneh","Negatif"
"173","@tonyliong9518","Andaikan kalian berdua lawan Floyd Mayweather apa yang terjadi","Netral"
"174","@tonymlong1081","ego yang tinggi ternyata akan terjerumus kekalahanresiko jefri sebenernyA udh bisa ko tetapi elrumi udh terllu lelah ketika jefri goyang dn menunuduk di menit terakhir kalo el rumi bisa memanfaatkan moment ituko sudah","Negatif"
"175","@TutiRahmadaniBoruPurba-ut3nr","Mencengangkan. Bingung saya. Aneeeehhh..Ã°Å¸Ëœâ€šÃ°Å¸Ëœâ€šÃ°Å¸Ëœâ€šÃ°Å¸Ëœâ€šÃ°Å¸Ëœâ€š","Negatif"
"176","@ujangtea5890","laki banget dh rumi","Positif"
"177","@umaralpharidi5030","Jadwalkan Juga sparing artis Wanita ...  Nikita Mirzani Vs Dewi persik ..","Netral"
"178","@user-bl9ig2rn5k","Acara bagus ini...terbaru bikin musim nichÃ°Å¸ËœÅ ","Positif"
"179","@user-bo2oc7wc9o","Adu tinju pake pelindung kepalaÃ°Å¸Ëœâ€š lebih asik by one di lapangan belakang sekolah... BebasÃ°Å¸Ëœâ€š","Netral"
"180","@user-bo5rq4uj2x","Jefry menang banyak di ronde 1 dan 2","Positif"
"181","@user-bx5cz6vy4h","Sengaja kalik kalah jefry","Negatif"
"182","@user-cn8vi5hi7u","Jlas bgt el kalah hakim g adil","Negatif"
"183","@user-cv7qm7ld8m","Lawan rodtang aja biar seru wkwkwk","Netral"
"184","@user-ds3yd2dw9d","Saran saya.... Para artis ini klo mau tunjukin kekuatan nya.. ikuti aja pencak dor. Lebih keliatan skilnya","Positif"
"185","@user-gg3uq6xl7w","Wasit nyaa ajng","Negatif"
"186","@user-og5hn5rl5h","Pukulan jauh bnyk jefri  tapi pukulnya banyk ke badan dan kena angin","Netral"
"187","@user-ti7tt8bj3m","LucunyaÃ°Å¸Ëœâ€šÃ°Å¸Ëœâ€šÃ°Å¸Ëœâ€š","Negatif"
"188","@user-tm6ir8wy4d","Dominan tarungan D bang jefri.. eh trnyata malah k balik yg menang el..hadeh","Negatif"
"189","@user-tp4oz6yo5e","Ah curang seharusnya Jefri menang","Negatif"
"190","@user-ts5il3cb6z","Sebenarnya pukulan JN lebih mengena dan terarah.dr awal .ada satu ronde yg draw","Netral"
"191","@user-wf1jj1jy4f","tinju gk jelas","Negatif"
"192","@user-xc9xj4ki2y","Ko bisa el menang Ã°Å¸Ëœâ€¦Ã°Å¸Ëœâ€¦","Netral"
"193","@user-xo4rb2lh6x","Kocak Ã°Å¸Ëœâ€¦Ã°Å¸Ëœâ€¦Ã°Å¸Ëœâ€¦Ã°Å¸Ëœâ€¦","Netral"
"194","@usmandoni6272","Pukulannya Jefri power bgt","Positif"
"195","@utramenribut123","Pertandingan yang penuh dengan sogokan","Negatif"
"196","@victorandodachi5918","Namanya jg indonesia pdhl yg banyak pukulan itu jefri ke el. Sabar ya jefri.  Hi kenalin dong sy victorando sy ingin melawan el itu. Blh dong ekspose sy kesana. Bantu ya yg bisa dukung sy.","Negatif"
"197","@WarnerBrosAceh-ie4lf","2 idiot sudah bertarungÃ°Å¸Ëœâ€šÃ°Å¸Ëœâ€š","Negatif"
"198","@zahrakirana2933","Hahahaha habis nafas petinju sempoyongan","Netral"
"199","@zavierisatanick","tehnik menang jefri penguasaan panggung jefri.cuma kurang power dan menyerang","Negatif"
"200","@zunaidin","Wasit tolol pecundang curangjelas jelas pukulan jefri banyak masuk..malah el yang banyak pointÃ°Å¸Ëœâ€šÃ°Å¸Ëœâ€šÃ°Å¸Ëœâ€¦indonesia tolol","Negatif"
"201","@komenmania","Diliat dr pertandingannya jefri nikol sering lakuin pelanggaran mungkin itu pengurangan poin di ronde 1 dan 2, sedangkan di ronde ke 3 dan 4 elrumi dominasi","Netral"
"202","@user-zo5wv9xu7t","ğŸ˜…ğŸ˜‚ COBA BUKA MATA LEBAR-LEBAR, PLOTOTIN, KALO PERLU DI LOW SPEED, LIAT DARI AWAL HINGGA AKHIR, DI ROUND 1 & 2 EMANG SI NICOL LEBIH DOMINAN (BANYAK NYERANH) TPI BANYAK NYERANG BUKAN BERARTI SEMUA SERANGANNYA MASUK.?! INI HARUS PENONTON DAN FANS PAHAMI, DARI BANYAK SERANGAN NICOL 70% ITU GAK MASUK GANTUNG, KADANG CUMA SEPERTI NYEREMPET DIKIT DOANG, KADANG KE BLOCK SAMA TANGAN DLL SEMENTARA SERANGAN EL RUMI WALAUPUN POWERNYA KECIL TAPI MASUK TERUS, INI KARENA JANGKAUAN SERANGANYA LUAS (FAKTOR FISIK YG TINGGI & PANJANGNYA TANGAN).

DI RONDE 3 & 4 EL RUMI MENDOMINASI BANYAK SERANGAN YG MASUK TELAK KE NICOL..

DARI SITU AJA KITA UDAH BISA KASIH SKOR","Netral"
"203","@mushlee7816","Tinjunya aj grasa grusu gk jlas sma aja kya fansnya grasa grusu..wkwkwk","Negatif"
"204","@user-up3bs7fs8h","Penonton asal nonton aja,lu pikir tinju asal pukul2 aja,KLU dliat pukulan nya Dri ronde 1 ronde 2 emang gk trima Nichol kalah,ronde 3 ronde 4 perhatikan pukulan el lebih banyak masuk gk bnyak melanggar","Netral"
"205","@hfbsecret6641","Jefri aja mngakuai kekalahannya kok banyak yg berspekulasi kalau jefri yg menang,ğŸ˜‚","Netral"
"206","@rezawishingboy92","Jelas jefri yg menang lah, aneh","Negatif"
"207","@user-un5ww8mw6u","Pukulan jefri banyak tidak kena. Sedangkan ronde 3 dan 4 jefri udah lemas.","Negatif"
"208","@sunartoNarto-de8cx","Semmuannya juga tauu untuk power lbih kuat jefri","Netral"
"209","@sunartoNarto-de8cx","Tp disiitu malaah jefri bnyak yg nantangin boxing haarusnya el yg menang kann yg ditantang,brrti dissiitu semuaannya meelihaat power jefri lebih kuatt drpada el","Netral"
"210","@user-mu2ei4ts1h","Yang ngomongin duit di atas segalanya??
Udah udah weh santai aja ğŸ˜‚ğŸ˜‚
Gua kemarin punya duit banyak terus dipake buat judi online aih akhirnya gua kalah ğŸ™„ğŸ™„ tau gak yang gua salahin itu siapa???
Si zeus broo ğŸ¤£ğŸ¤£ğŸ¤£
El rumi mantap men ğŸ‘ğŸ‘ğŸ‘","Netral"
"211","@babon5873","next el rumi vs paris hehe","Netral"
"212","@fudinamah2296","Coba aja kalo tidak pake pelindung kepala, el udah tumbng di ronde 1.","Negatif"
"213","@SruntulersCS","https://youtube.com/@SruntulersCS?si=OJdotD7i1HJSBQCR","Netral"
"214","@merah8003","Abidzar vs Al Ghazali
#abidzar #alghazali
KASIH PAHAM AL..!!!","Netral"
"215","@endasdasuki1548","Liat lg aja video nya bos","Netral"
"216","@BudiYanto-hz8jx","Jelas gak adil","Negatif"
"217","@arditaputra2153","Ya  bener pak ahmad dani sih..
Kalo di terusin bisa TKO tuh... Anak nyağŸ˜…ğŸ˜‚","Negatif"
"218","@user-cu5tr2yt2v","Jurine ntok amplop kokğŸ¤­","Negatif"
"219","@MaulanaAlparizi-cq3oq","Ulang lagi jgn pake pelindung muka","Netral"
"220","@gilangwahyugumelar2115","Voice offer lu nyebelin AKWAOKWAOKWWOAK","Negatif"
"221","@arihendarisman3101","""org buta juga tau"" kebetulan temen gue maaf tunanetra, terus gue tanya, dia jawab ""gak tau""","Negatif"
"222","@idatrimawati8821","Jefri nicol mainnya ngawur penuh emosi ,El Rumi mainnya bersih ..","Negatif"
"223","@sfamwolowers4640","Dah jelas jelas Jefri itu banyak yg engk kenak pukulannya ğŸ˜‚","Negatif"
"224","@datuksyahbandarutama1364","Jelas El pemenangnya","Positif"
"225","@user-pv9li3we8z","Tarung ulang lah. Satu indonesia juga bisa nilay. Kalo itu gak sah. Kalo gua jadi EL ulang si. Biar gak di bilang menang suap","Negatif"
"226","@bobhubscher1845","Pukulan El masuk point semua boss Jefri banyak gak masuk point","Netral"
"227","@fajrirahmat9078","Cuma ronde 4 mendominasi bisa menag el.. kwkwkw ngantuk juri nya bg..ğŸ˜‚ğŸ˜‚","Negatif"
"228","@ALYASHINTA.","Halah...kalah ya kalah gak usah cari2 alasan","Negatif"
"229","@bodaychannel3552","Tuh artis yg komen kaga paham tinju kali yağŸ˜…","Netral"
"230","@user-pb7mp2us2q","Jadi keliatan ni para artis yg protes ke wasit otaknya kosong... Menang tampang tapi T-Lol","Negatif"
"231","@tazatazol9469","Teknik Jefri ambisius kayak mau tawuran aja, juri GK prnh salah udah kalah GK trima lagi","Negatif"
"232","@mr_baros","Juri lupa pakai kacamata jadi el menang poin","Negatif"
"233","@alrawi3982","Juri gk objektif","Negatif"
"234","@kmszaki2783","Yg bilang curang itu mereka enggak paham tentang tinju","Negatif"
"235","@user-jj3ir1ir9o","Saya tanya orang buta mana yg busa lihat tinju, apalg mngetahui siapa yg menang.
Terima aja keputusan juri.","Netral"
"236","@makinisham1251","Yg paling masuk akal si cuma ini 5:28, apa lagi liat dindingnya tambah meyakinkan","Netral"
"237","@faizalmohd2946","Para artis sok tahu pengadilnya yang lagi pakar Jefri Nicol takde gaya main tinju gaya taburan jalanan pelanggaran sebab tu point banyak kena tolak","Negatif"
"238","@rajagebok","Lawan azka baru tuh mantap.
Bisa bonyok si el rumi klo ga maen sabun.","Netral"
"239","@senaart9294","Gua kata juga apa, beneran kan nikol dicurangi","Negatif"
"240","@TarakanTarakan-ec1kj","Tau lah sudah kita kan.......gak usah di ungkap....
Cukup kita bully aja....SE indonesia","Negatif"
"241","@imammusafa5824","Iya lah tetep Jefri yg menang...","Netral"
"242","@bagussae633","kl lum trima kekalahan,demo aja sambil lempar telur ...ğŸ˜…ğŸ˜…ğŸ˜…","Negatif"
"243","@syamsialatas6796","Biasa klw kalah ya gitu","Netral"
"244","@ags_spt5414","Tanding ulang. Tanpa pengaman muka bang...","Netral"
"245","@kontoy-hx5sv","marketing itu makin kontroversi makin cuan artis mah awoakwokw","Negatif"
"246","@mhdozil9273","memang Jefri Nicol yg menang telak tapi ada yg curang dari pihak wasit dan juri ğŸ˜‚ wasit bodoh","Negatif"
"247","@mhdozil9273","ya namaya anak pasti di bela lah ğŸ˜‚","Positif"
"248","@arifhidayat696","Itulah tinju yg menang bukan yg mendominasi tp yg bisa dpt point pukulan yg masuk","Netral"
"249","@tegarhaykhal05","Gw setuju ama Abang yg baju merah tuhh, knpe di cut videonyağŸ¤¬ğŸ¤¬ğŸ¤ª","Negatif"
"250","@RizqiBurhanudin-rd1bs","Bang Jefri yang harusnya menang itu soal. Walau bukan wasit juga kelihatan bang Jefri terus mojokin elrumi aneh bener bener2 GK adil","Negatif"
"251","@RizqiBurhanudin-rd1bs","Saya setuju. Sama abidzar ada yang GK beres Ama putusan juri","Netral"
"252","@yudhilala8727","Hanya pecundang sejati yg ga terima dngan kekalahan. . 
 Ngefans kok sama pecundang","Negatif"
"253","@AnjayMabar-vg6un","Seng gelot sopo seng sibuk sopo","Negatif"
"254","@saktiawanferi1187","Biasa lah.... Wasit dapet angpau tambahan.... Makanya menang sono","Negatif"
"255","@nurhayanihasibuan1362","Harus ny wasit nya dari pemain tinju pro , bukan kalangan orang2 ngantuk ğŸ˜‚ğŸ˜‚","Negatif"
"256","@andikotarigan4382","Yang kalah menyalahkan yang menang merayakan :â€","Negatif"
"257","@user-ue8tn5nx9q","Jurix sudah dikasih makan sma ahmad dani ğŸ˜‚","Negatif"
"258","@dirmansu1365","Lawan kkjhe aja bro..lucu ..biasa artis blagu","Netral"
"259","@indahfakih9897","Lucu ya temen2 nya jefryğŸ˜‚ğŸ˜…","Netral"
"260","@suhesuherman7300","Asli nya jefri nicol yg menanh","Positif"
"261","@saefuldkcilacap4099","Betul jefry yg menang.juri temen2 dani","Positif"
"262","@sdn.243.palembangmaskarebe5","Rudi golden sok","Positif"
"263","@wayanknirwana6990","Tanding ulang sya nunggu nonton","Positif"
"264","@Fanta_Axl18","Ini benar"" gak jelassss","Negatif"
"265","@limggaming8020","Yg protes emng kalah taruhan kayaknya ğŸ˜‚ğŸ˜‚","Negatif"
"266","@viewerreal3402","yg bener itu kata rudy golden boy & abidzar","Positif"
"267","@tqbussines8143","Kontent ga bermutu. Kalah ya kalah aja. Dek","Negatif"
"268","@bobymashartoyo7046","Kekalahan slalu menyalahkan siapa yg menang..","Negatif"
"269","@kg-tx7qd","Abizar ngerti apa lu bocah?","Negatif"
"270","@kodriabdallah9424","Memang el rumi lah yg menang","Positif"
"271","@sakazhit9295","Yealah si botakkkğŸ˜€klo gak pakek pengaman muka,dari awal sudah nyungsep anak lu","Negatif"
"272","@user-qm5vx3xs7r","Jurine compong lihat nya Randa dowang ngga lihat...","Negatif"
"273","@afiddedi127","Para teman2 jefri gak terima","Negatif"
"274","@afiddedi127","Nggak ada uang masuk kejuri bos ....telusuri aja sekalian bawa kpk...usut kalo ada uang kejuri...kalo nggak ada loe berarti penganut dajjal raja fitnah keji","Negatif"
"275","@BUDIYANTOYanto-eb2up","Tinju itu bukan hanya agresif memukul...tapi ada aspek lain yaitu pukulan yang masuk bukan hanya banyak memukul...kalau menurut saya pukulan El Rumi lebih banyak masuk","Positif"
"276","@teddyminato3081","ku bukan penggemar keduanya .tapi ku sukak tinju dan MMA.stelah ku tonton kek nya yg menang jefri deh.makanya aku terkejut kok yg menang kebalik.pukulan jefri banyak yg masuk dan telak.ah ,bingung lah .mau nya kasi kan juri nya org luar negeri dari juri 1 ,2,3,4 dan juri di lapangan .baru jelas.siapa yg menang","Negatif"
"277","@Themadeaswin","El rumi masih lebih baik drpda jeffri nicol, pukulan jeffri emang lebih bagus tapi banyakan zonknya, el rumi jab2nya menghasilkan byk point","Positif"
"278","@tzrff8442","Jelas kalah jefri","Negatif"
"279","@bihannakal5038","Setuju sih harusnya jefri yg menang","Negatif"
"280","@bulangbiring7589","Namanya juga negara konoha, jurinya sama aja sama koruptor.... 

ğŸ˜‚ğŸ˜‚ğŸ˜‚","Negatif"
"281","@Allah_is_near","Haaaahhhh udah... Lah... Mohon maaf kalo ada Aa Raffi mah yang dicari pasti yang prospektif lebih besar untuk jadi juara... Ngerti kan... Maaf ya.. aku pribadi gak benci sama aa Raffi... Tapi nama besar dan semua bisnis nya kayak udah ada yang setting..terasa dia tuh wayang... Gak tahu ya.. jadi ada motor motor penggerak dibelakang nya... Kayak sosok yang sengaja dibesarkan,, kalo di Hollywood kayak lady Gaga.. jujur mohon maaf dari pertandingan jelas Jefri juara nya... Tapi kan panitia ya yang lebih berhak bukan kita... Maaf ğŸ™ğŸ»ğŸ™ğŸ»ğŸ™ğŸ»ğŸ™ğŸ»","Netral"
"282","@ajirohimin7509","Udh jelas lah Jefri yg menang bukan El 
Ini sih Jefri di curangi","Negatif"
"283","@rismawancikulak8752","Lawak udah jelas kalah masih ajah koar koar ..siapa tuh yg bilang orang buta jiga tau pemenangnya jeffri ...woy lu bilang ky gtu dama halnya meledek karna dimana2 orang buta gak bisa melihat ...emang kalo lg emosi keliatan bodohnya","Negatif"
"284","@Pengaranghandal5521","Fighternya bukan profesional boxer, acaranya juga. Caster nya tarkam, ngapain juga ngarep pake wasit yg adil. Toh isinya cman influencer, tujuannya cuan bukan yg lain","Negatif"
"285","@thebliq1661","Uang ahmad dani ga main2 bro wkwk.","Negatif"
"286","@zunaidin","Lawak lawak bikin maluğŸ˜‚,jelas pukulan jefrinicol banyak masuk malah kalah pointğŸ˜‚ğŸ˜‚","Negatif"
"287","@Taufikyoiii2","Udah pasti di curangin karena el rumi anak ahmad dhani dia sudah banyak di kenal oleh masyarakat indonesia, ahmad dhani ngomong ke juri buat menangin el pasti di turutin karena dia terpandang oleh nama besarnya, ingat el rumi backup nya ahmad dhani dan mamahnya bahkan rafi juga mendukung el, kalau jefri nichol siapa yg backup","Negatif"
"288","@dimasadrianto417","klo headguard dilepas..dah k.o dr awal si el...","Negatif"
"289","@user-qf6sm5my5b","wasit bayaran kompak ini gk adil","Negatif"
"290","@Bryune","Sok tau. Padahal hanya amatir dan tau tarung di jalan aja. Juri lebih tahu bego. Sok sok ann","Negatif"
"291","@rulinkgalink8748","Tanding ulang ajah... Biar feerrr....","Netral"
"292","@tarakamandaka9607","Seneng liat para juri amatir menilai dgn kedunguannya sndriğŸ˜…","Negatif"
"293","@fajartea8350","Kecewa juga gua liat nyağŸ˜¢","Negatif"
"294","@agungheru1000","Jujur saya kecewa  pendukung  El. Tp El  malah tidak mau mengakui k kalahannya. Bang Jefri  maaf   poin mu masuk tp ga d anggap  k cewa sama El","Negatif"
"295","@user-uh9lt9wn6f","Ahmat dani tau apa ya tentang tinju ronde 1 dan 2 gk dihitung buat apa capekÂ² di ronde 1 dan 2 kok gak langsung aja ronde 3 biasa itu biasa itu ronde 1 el itu udah ngantuk untung ada tali ring ronde ke 4 udah rubuh sampek wasitnya ngecek keadaan el rumi trus apanya yg biasa elus aja tuh kepala mu biar tambah kinclong","Negatif"
"296","@ariantoalda1312","Knpa el menang karna dari segi pukulan el lebih mengenai ketarget....

Sama gua yuk jefri...ğŸ˜‚ğŸ˜‚ğŸ˜‚","Netral"
"297","@user-he2je9ho4n","Tanding ulang gasss","Netral"
"298","@ramdhanirama9951","Jefri kuasai pertandingan 2 ronde","Positif"
"299","@SyaifBahri","Tinju kelas rongsokan di bahas","Negatif"
"300","@anasnasihin8899","yang menilai ini gak adil atau maen duit, bisa dipastikan adalah baru nonton tinju, ini bukan soal kekuatan tapi ini berapa pukulan yang masuk, mungkin orang awam ngeliatnya ell pukulannya ngawur gak ada power, tapi kenyataannya meskipun pukulan ell gak ada power tapi itu pukulan bersih dan masuk, enek gua liat artis pada bilang ini maen duit, inget bro lo itu publick figure alangkah baiknya kalo mau memberikan statement cari referensi dulu tentang boxing dan tonton ulang, malah keliatan bego artis artis","Negatif"
"301","@tvandroid","kalian team siapa JEFRI NICHOL atau EL RUMI","Netral"
"302","@bonyrezha6752","Jefri lh.el brapa kali tumbang tu. itu poin mutlak
Jefri harus ny yg menang","Netral"
"303","@panjijayasakti5535","Gak ngerti soh itungan nya gimana.
Tapi menurut gw harusnya jefry sih yg menang.","Netral"
"304","@Exhale938","https://youtube.com/shorts/Ps-sy7Xc-oY?si=qdaGIpP76c4bkCut","Netral"
"305","@WAYMORENO250","Yg menang merayakan, yg kalah menjelaskan ğŸ—¿
Jefri gg sih tpi el banyakan poin (pukulan masuk)..","Netral"
"306","@user-yf2gj3zs5y","Juara settingan hahahaaa","Negatif"
"307","@user-xr5et9qm1b","di selamat kan wasit ketahuan","Negatif"
"308","@oniimuhammad2284","Jelas banyak pukulan masuk dari jefri","Negatif"
"309","@ardiansoegito9101","Tetep nicol yng menang","Netral"
"310","@oniimuhammad2284","Demi konten biar ada part 2","Netral"
"311","@donrio449","Klo ga pake headgear El sdh roboh di ronde 2, power Jefri lumayan. Point bersih lbh bnyk El.","Negatif"
"312","@nurbarokah4499","Pukulan nikol byak msookk kykkyaa...ysdh juri yg pya putusaannn","Negatif"
"313","@ryanferdinand-yp2eu","yah pake pelindung kepla ğŸ˜…","Netral"
"314","@ArmanSteven","Jefry nichol","Netral"
"315","@kurniasaputra4452","Jefri kalah orang dalam wkwk ketawan jelas bnnyak dia yg mukul dan masuk pukulan nyağŸ˜…ğŸ˜… ğŸ˜‚ğŸ˜…","Negatif"
"316","@jeppo2416","Juri apaan tu, NGAKAK ğŸ˜‚","Negatif"
"317","@neorzaman88","Host nya pendukung nikol ga netral ahh ..ga seruğŸ˜…","Negatif"
"318","@DekiDarman","Sebenernya poin menang jefri.. tpi sulit sii yg dilawan jefri anak mama yg tangguh jadi posis orang tua menentukan.
Tpi gw salut sama el","Netral"
"319","@neorzaman88","Hrsnya lu netral jdi admin ğŸ˜‚","Netral"
"320","@davidwinata2952","Hahah pecundang 2 2nya...kya bocil berantem","Negatif"
"321","@qurrhidayat6243","Ini hanya sportainment... bikin orang penasaran, ada tanding ulang... makin cuan...","Positif"
"322","@user-gt2os7if6r","Bukan kalah point atau stmina tapi takut imagenya ya tau lah","Negatif"
"323","@mister-vq1vt","au au..kek cewe luğŸ˜…","Netral"
"324","@fadhlisaputra4772","Ini show biz....si penyelenggara pastinya bakalam dapat cuan dengan rematch.   Cuma, penilaiian gw...si nichol lebih menguasai pukulan sih. Harusnya dia yang menang ğŸ‘ğŸ™","Positif"
"325","@denijanuar4835","Pukulan terakhir jepri ga keitung karena bel udh bunyi duluan","Netral"
"326","@RCYchannel09","kalo ga pake head guard si anak mami juga ud modar itu di ronde 1 dan 2 wkwk pantes aj ga berani kalo ga oake head guard ğŸ˜‚ğŸ˜‚","Negatif"
"327","@blackloyality6231","Kalo di cari point , Jefri menang telak","Netral"
"328","@dediakbar4270","Remacth pun jefri tetap kalah yakin gw..","Negatif"
"329","@idegunners7321","Dari awal sebelum tanding saya dukung el Rumi..

Dan setelah tanding saya malah dukung Jeffri Nicol..
Walaupun kalah..
Jefri seharusnya layak menang.","Netral"
"330","@damarraharjo9441","El emang cerdas tau strategi tau menang jangkauan, Jefri mengandalkan power kalau sampai 6 ronde bahaya bisa KO dia duanya","Positif"
"331","@user-sv2gw8yc4t","Kanya nya bakal adA pertandingan ulang","Netral"
"332","@iscoalonzo1427","EL main cerdas. Selamat ELğŸ‰ğŸ‰ğŸ‰ğŸ‰ğŸ‰","Positif"
"333","@dikamuhammad647","Jepri petinju apa itu gak jelas gaya nya , liat EL gaya petinju nya jelas  , kaya emak emak ngamuk gak di kasih uang jajan si jepri malu kalah lari ğŸ˜‚ğŸ˜‚ğŸ˜‚","Netral"
"334","@adihermawan5650","Boleh dicek lagi vidionya....jepri memang banyak melesetnya tapi jepri lebih banyak pukulan masuknya ketimbang el yang pukul sekali-kali lalu jatuh....fix wasit buta....cek lagi vidionya jepri jauh lebih unggul","Negatif"
"335","@idegunners7321","Poin kemenangan ell rumi buat melangkah ke boxing selanjutnya...  dan ell rumi harus menentang yunus, petinju terbaik di indonesia,dunia bahkan dimuka bumi ini.. yunus petinju tiada tanding.. karna memiliki pukulan dan ajian tidur di ring..","Positif"
"336","@RyanRAOfficial.","Jefri Nichol Vs El Rumi Ful Ada Di Ryan RA Official ğŸ”¥","Netral"
"337","@herlysantoso3737","hehe rumi dilawan","Netral"
"338","@novalwollez9090","Jefri di lawan","Netral"
"339","@user-fk5nz1tp9b","Ini MH accara terkontrol ini MH ğŸ˜‚ğŸ˜‚ seharusnya eefri yg menang malah sitaik yg menang aduh juri berapa disogok Ahmad Dani sihğŸ˜‚ğŸ˜‚","Negatif"
"340","@rafiariansyah9840","Kalo gue jd el mending gue ngaku kalah dari pada menang kaya gitu,, penonton kan gak buta","Negatif"
"341","@morrofficial_","Mau menang siapa aja juga gamasalah wong aku ga dapet apa2 dri merekağŸ˜‚","Negatif"
"342","@royputra4673","juri ya di sogok pake nasi bungkus dasar juri taik","Negatif"
"343","@djong_javanesia1758","Jefri lain ya kasar gak banyak po in masuk","Negatif"
"344","@user-rb1wo1us3n","Tarung bebas coba. Harusnya Jefri yg mng","Negatif"
"345","@user-rb1wo1us3n","Tarung bebas coba lah.ktaker doi mah mas jef","Netral"
"346","@ryanyoung5319","Jefry the true winner","Positif"
"347","@agussupriatna5874","Jelas pasti menang lh si El
Yang JD official Ny atlet semuağŸ˜‚ğŸ˜‚ğŸ˜‚ğŸ˜‚","Positif"
"348","@user-rb1wo1us3n","Tarung bebas coba lah.ktaker doi mah mas jef","Netral"
"349","@user-rb1wo1us3n","Tarung bebas coba lah.ktaker doi mah mas","Netral"
"350","@marwansyaref8993","Gua gx dukung sispa2..
Tpi ini gx adil sih","Netral"
"351","@2more.","el rumi loyo gitu ajg","Negatif"
"352","@imamhadi5658","Awokawok kalah nih yeeeğŸ˜‚ğŸ˜‚ğŸ˜‚ğŸ˜‚ğŸ˜‚ğŸ˜‚ğŸ˜‚ğŸ˜‚ğŸ˜‚ğŸ˜‚ğŸ˜‚ğŸ˜‚ğŸ˜‚ğŸ˜‚ğŸ˜‚ğŸ˜‚ğŸ˜‚ğŸ˜‚","Negatif"
"353","@user-rb1wo1us3n","Klo uang berbicara lain urusan cs","Netral"
"354","@isehnuryanto5273","Sudah jelas jefri menang,,,,tpi juri,y ngantuk","Negatif"
"355","@penyutuman1506","Yang kalah menjelaskanğŸ˜‚","Netral"
"356","@Adroid3","UntuK Para FANS JEPRI YANG KOAR2 COBA cari referensi tentang point dalam boxing de ğŸ˜­  DLM BOXING EMANG EL YG MENANG BERDASARKAN POINT ğŸ¥± YA GA TAU KLO DUEL AMPE MOKAD ğŸ¤“","Netral"
"357","@erwinsiregar119","Yang  nantang  menjelaskan  yang  menang  ya  pasti  merayakanğŸ¤£  itu  azab sok  jagoğŸ¤£","Netral"
"358","@ibnuUtomo212","jujur aku jagoin nikhol karena el bukanlah superman dan dia juga bisa nangis

Tapi tetep Respect buat keduanya..","Positif"
"359","@hendyadheeva666","Yg dukung El Rumi ya Ahmad Dhani
Yg dukung Jefri kaum pelangi
Ya jelas kalah lah Jefri","Netral"
"360","@UdinFatih-po2zn","ini tinju bukan adu jotos jalanan, jadi d nilai point bukan mana yang kuat.respek god job el","Positif"
"361","@edogurinyoy9289","Sebenerny JN tuh bisa menang klo saja JN bisa lebih sabar dan tidak nafsu saat meyerang..","Positif"
"362","@ibenx282","Ngadu ayam di tangkapâŒ
Ngadu orang di bebaskanâœ…
Yang penting cuannnnnnn","Netral"
"363","@pok4448","Dia nak ikut cellos punya cala main oo all in match peltama","Negatif"
"364","@ekocahyanto6465","Ini sih sengaja dibuat menang el rumi biar ada tanding ulang sponsor nambah ğŸ˜‚","Negatif"
"365","@AjiParekesit24","Kebanyakan meluk jefri, kalau kaga bisa lebih ganas el rumi, teliti dan baca aturan, agar kaga gagal paham untuk poin oleh juri, el erumi top dan layak juara.","Positif"
"366","@SepuLoh-rc4wg","JN pukulanya memang keras tp jarang yg kena, lebih banyak pukulanya EL yg masuk sih...","Negatif"
"367","@bagusepay8416","wasit nya ngantuk blm ngopiii kocak","Negatif"
"368","@uwaiszaydhan9618","Lawan paris coba","Netral"
"369","@Rifqy-dx7xb","Jepri dongkol wkwkwkwkğŸ’©ğŸ’©ğŸ’©ğŸ’©","Negatif"
"370","@IsmailSaputra-dg3me","Jelas bro ini memang El yang menang,Lo semua kalau pemain epep main epep jangan lihat tinju","Positif"
"371","@MBSprintLovers","Kocak.......... semuanya tentang duit ini mahh","Negatif"
"372","@maulanaabdulmajid5158","andai gak pake pelindung si El bakal kalah bro","Negatif"
"373","@shollikhulnaim7130","Kebanyakan ngerangkul wkwkw","Negatif"
"374","@dwisamuri5600","Harusnya modelan gini da ga usah pake pelindung kepala, toh da sama2 masuknya semi pro udah","Negatif"
"375","@mhhawali3148","Bayangkan wide hook ke lawan yang reach lebih jauh ğŸ˜…. El rumi pantas menang, sering dodge, walau keliatannya jadi mundur terus, tapi membuat jepri terlalu banyak membuang poin. Asal mukul lawan petinju yang jelas jaga jarak, ya kena angin dong bos. Jatoh karena slip, apalagi hasil kena dorong enggak bakal jadi pengurangan poin. Malah yang dorong kena warning, that's a foul bruh ğŸ˜Š","Positif"
"376","@ahmataryanto3655","El cuman manang di round terakhir njir","Negatif"
"377","@epiccomeback2479","Alhamdulillah berkat doa mami ngab El Rumi win, aamiin  !!!","Positif"
"378","@smsoundsystem2047","Lucu si ko malah kebalik yang menangnya ğŸ˜‚","Negatif"
"379","@alive1838","Hakim eekğŸ˜‚","Negatif"
"380","@kalendrasaputra952","Banyak pelanggaran Jefri nichol yang ngurangin poinnya sendiri","Negatif"
"381","@noob_1212","Mana yg katanya anak jalananğŸ˜‚","Negatif"
"382","@adamkosasih7108","Gw senang liat nya kedua nya penuh senyum...sama smaa puas...","Positif"
"383","@aidessaigepty4113","Terbukti indonesia kekurangan orang yang jujur ğŸ¤­ğŸ¤«ğŸ¤«","Negatif"
"384","@dedy8248","Petinju dungu vs petinju cerdas ğŸ¤£ğŸ¤£ğŸ¤£","Netral"
"385","@hanyaseorangnetizen6147","Si nikol terlalu ambisi menggebu2..el pake teknik,bisa tahan,,ronde2 terakhir ketika nikol habis tenaga el ngambil celah dstu.","Positif"
"386","@muksonimulyani8670","Harusnya el kalah ifu bosğŸ˜Š","Negatif"
"387","@user-tn4eb8ld6r","El Rumi jauh lebih cerdas, bisa mengendalikan hawa nafsunya.","Positif"
"388","@dinikhairunisa4397","Sekilit tau gak alias curang","Negatif"
"389","@wongalidcover88","Andai ronde ke 4 ada tambahan menit, jatuh tuh jefriğŸ˜…","Positif"
"390","@yunusnurjaman345","Emosi vs teknik","Netral"
"391","@campurgaming8448","Pukulan telak jefri lebih banyak tapi kok kalah..
Klo sya lihat ini match seperti mayweather vs pacman","Netral"
"392","@dikitri-vl2mj","Bandar judi semakin mentereng..","Negatif"
"393","@PelangiGame-ok5ii","Wasit nya Curang","Negatif"
"394","@AndriYansah-vq5nw","Ini mah kalah ituğŸ’µğŸ’¹ğŸ’µ","Negatif"
"395","@sroyersimon8485","Kemarin kalau Jefri tdk terima dan buat gerakan tambahan selesai sudah Jef lu di tonjok kkje ğŸ˜‚","Netral"
"396","@romyscr86adie4","Jefri kalah karna ngedorong...ğŸ˜…","Negatif"
"397","@gusinyo07","klo pukul angin dihitung point gue yakin 100% jefri nicol menang","Negatif"
"398","@user-ow1gk1pc5k","nikol ada mendorong","Negatif"
"399","@user-wl4su1ev1p","Gini ni jadi nya kalo tinju pakai juri stand up komedy","Negatif"
"400","@indrakusmanaziz2186","El menghindar muluğŸ˜‚","Negatif"
"401","@user-gw7xb8nb5q","3:25:00
waktu prepare macth","Netral"
"402","@rahmadsuryaaffandi5362","Dwiki lucu petinju takut kalah akhirnya kayak bocil kepala dipegangğŸ˜‚ğŸ˜‚ğŸ˜‚ğŸ˜‚ğŸ˜‚ğŸ˜‚ğŸ˜‚kan gobloknya minta ampun perutq sampai kram karena lucuğŸ˜‚ğŸ˜‚ğŸ˜‚ğŸ˜‚ğŸ˜‚ğŸ˜‚","Negatif"
"403","@raflysofficial842","Kalau ngk pakai pelindung,elrumi TKO di ronde ke 2","Positif"
"404","@sunda5094","Jefri harusnya winner....","Negatif"
"405","@liasandiana5774","Apaan sih kkje sok pentingğŸ˜‚","Negatif"
"406","@ghostsoul176","Diharapkan menjadi pesepakbola malah jadi petinju, mantapğŸ˜‚","Positif"
"407","@user-zn4ne5md3m","Wah ayam Raffi Ahmad koğŸ˜…","Netral"
"408","@ulfam2742","Disini terlihat bahwa otak mengalahkan otot. Congrats El Rumi. Btw Jefri Nichol kaga ada tato di badannya ğŸ˜‚ğŸ‘ğŸ‘ğŸ‘","Positif"
"409","@user-pw5io8rv3s","Yg hitung poin rangak","Netral"
"410","@betapoenyabetta1568","I'm not an expert, correct me if I'm wrong..Buat gw bkn masalah missed punch or how many times u hit the target ( mo lu membabi buta smpe lu sempoyongan, but for me yg jatoh yg kalah 3:51:56 )","Netral"
"411","@renistafinarti6593","Ayo rematchğŸ‰ğŸ‰ğŸ‰","Netral"
"412","@taitungtatik5154","sebenernya jefri lbh teger,,pukulan pun mantaf,,cuma kurang strategi,,sedang kan El,,badanya lembek pukulan pun terasa ngambang, tp pinter strategi,,jefri lbh byk bljr strategi pertahanan,,,","Positif"
"413","@dikaselankker6721","Pukulan nikol kaya baru belajar g terarah","Negatif"
"414","@apriliaikaintani97","Kurang puas, gw berharap jefri ko,,,, paling enggak bonyok lah","Negatif"
"415","@syukurkim3490","Satu orang yg paling caper disitu menurut gua kkje belagak udah artis bgt ğŸ˜‚ğŸ˜‚ğŸ˜‚ğŸ˜‚","Negatif"
"416","@AkunDevil","apa kabar sama kkj yg caper ke el??","Negatif"
"417","@SaraLeeJasmeen-ci2lo","yg item udh kalah menghindar mulu hrsnya yg menang itu yg samudra eeh mlh drow","Netral"
"418","@JimmyAlesana1000","Kalo dilanjut ronde nya Jefri bakalan kalah dah habis tenaga nya.. walau menang diawal menurut gw","Negatif"
"419","@rizqewenk8340","Penasaran abang bertopi  yg teriak2 di kuping el ngomong apa yağŸ¤”","Netral"
"420","@tahubulat5516","KKJ caper najis","Negatif"
"421","@nurwanalestariaci-zy8el","Wkwkwk, el lu ngapain mundur mulu","Negatif"
"422","@abdulchannel5237","Strategi ring el rumi ok, jeffri terlalu memforsir tenaga diawal, maklum petarung jalanan bukan arenağŸ˜‚ğŸ˜‚ğŸ˜‚","Positif"
"423","@Aaindraibrahim","https://youtu.be/LZQjAm_ScZU?si=ij65ywc02zafK0kU","Netral"
"424","@JesSastra","Jefri Nichol lebih baik tapi dia terlalu banyak mengeluarkan energi di awal itu kesalahannya","Negatif"
"425","@vecolection9282","GK peduli siapa yg kalah menang, hanya berharap 
El, tembak dong Fujian, jadian dong ma Fuji ğŸ™ğŸ»","Netral"
"426","@ahmadaidil3641","3:36:58","Netral"
"427","@user-cu2fl7yj3i","Jefri cocok lah klo buat tarung jalanan,, maen tinju ko kyk preman gaya nonjok nya,, pantes lah kalah maen jelek,, pukulan jga bnyak yg mleset","Negatif"
"428","@user-gz8go8ur5m","El Rumi pukulannya memang kureng, tapi reflex nya bagus ğŸ˜…","Positif"
"429","@user-ci4gr7zm5h","Nichol selalu pilihan gue mau menang mau kalah","Netral"
"430","@user-tn1tt8zt8b","memang susah menang kalo sama anak sultan mah ğŸ˜‚ğŸ˜‚","Negatif"
"431","@Betawi_lawon","El Rumi sampe bingung kalo dia emang pemenangnya ğŸ˜‚","Negatif"
"432","@herikurniawan2543","Kak niki vs DP dong ğŸ˜‚ğŸ˜‚","Netral"
"433","@m359_","Hah payah lu jefri Nichol mending lo ngocok aja sana, banyak gaya dikit dikit main peluk mau tinju atau mau ngehomok sih anjng","Negatif"
"434","@jmaikeru","komentatornya kasih panggung lawak aja, heran bgt sepanjang match kok lawaaaak mulu pertandingannya dijorin.","Negatif"
"435","@ajifatakhilla-oz4sw","Lucu kalian maen tinju jgn cuma ngandelin otot sama kekutan,jgn remehkan El Rumi lawak kalian, maen di tinju boxing itu ada 6 hukum,speed,jarak,power,reflek,juga uang yg banyak,dan yg paling berpangaruh,dalam permainan ini,org dalam pastinyağŸ˜‚","Positif"
"436","@davidvicarneltor346","Kalo kalah jangkauan harusnya main double cover sama counter aja","Negatif"
"437","@skyfalxd7818","gigi zahra patah","Negatif"
"438","@fas6259","Untung ga nonton live nya","Netral"
"439","@fas6259","Untung ga nonton live nya","Netral"
"440","@AJOYBOY22","KELIATAN BANGET EL MEMANG MENANG","Positif"
"441","@eyfit_ss992","Poin nya tidak sesuai ğŸ˜‚ hakim juri pro ahmad dhani","Negatif"
"442","@ugundatar-oy4qx","Coba dong lawan si billar pasti kalah si billar orang lembek gitu nga ada gagahÂ² nya makanya lesty nga ijinin lakinya adu jotos karena lembek letoy","Negatif"
"443","@tasyaalfira7902","Gw nonton ulang lagi. Keyaknya ada bagian nichol yg kepotong deh. Pas keluar dari ruangan mau ke ring tinju","Negatif"
"444","@chadsshadows","Settingan ni mah keliatan","Negatif"
"445","@flyingcockroach7813","ini live apa video?","Netral"
"446","@hallent2969","dih, 3 ronde jefri menang loh hahahaha","Negatif"
"447","@yanianggraini4129","3:53:07 masih ada 14 detik tapi udh di bell wkwkwk komentator juga bilang ""10 detik terakhir"" . Sirkus banget","Netral"
"448","@nickolamard8653","Byk yg blg Jefri byk mukulnya kok kalah point.,,,

tapi gini ges pukulan Jefri itu terlalu ngÃ¨bo jadi kesanya banyak mukul tp byk yg meleset cm kliatanya nyerang terus tp pointny dikit karena daya tangkis si EL jg bagus ...","Positif"
"449","@ytespesiji6390","Jangan coba-coba main atau berharap menang di ring khusus satu ini klo duit kalian dikitğŸ˜Š","Negatif"
"450","@bengkelsepedaminion9845","Netizen tukang maedo.ğŸ˜‚","Negatif"
"451","@bengkelsepedaminion9845","Apaan . Udah jelas jefri nikol pemenang versi saya","Negatif"
"452","@smpnegeri2banjaran824","ANEH PERASAAN ZEPRI YANG PANTAS MENAG .....","Negatif"
"453","@kelayangkampung2106","tinju di indonesia emng gt susah di ungkapkan","Netral"
"454","@RobyDine-ve6jz","Jefri mengingat kan .kita sama mike tyson..
Yg ingin bikin ko lawan di ronde 1","Positif"
"455","@herniagusti9024","JN km jg terbaik.... â¤","Positif"
"456","@syahrirmauluddin1001","Baru 4 ronde gimana pentinju profesional 12 ronde gak kebayang","Netral"
"457","@tistop.2102","Bagi yang belum tau ketika org mengeluarkan power memukul namun tidak kena (hanya memukul angin) itu sangat menguras stamina ketimbang jika mengenai sasaran","Netral"
"458","@user-xe6sw6of7m","Kkje yang paling sibukğŸ˜…ğŸ¤£ğŸ˜‚","Negatif"
"459","@fendyrero4120","Wasit itu memberi hitungan bukan membantu bangunkan petinjux. Ini Sangat lucu.. ğŸ˜‚ğŸ˜‚ğŸ˜‚","Negatif"
"460","@Riosubanzz","Hal seperti ini kok sering terjadi ya di indonesia macam ada yg ganjil gtu di liat nya,lebih tepat nya berat sebelahğŸ¤«","Negatif"
"461","@TopikBaelah-vc8gv","Jefry nichol itu seharusnya menang.. soalnya bnyk masuk pukulannya","Negatif"
"462","@satriatarkam3818","Asli berat sbelah ni wasit banyak pukulan jefri yang masuk ğŸ‘Š","Negatif"
"463","@agussuhandi995","Gw harap rondenya di banyakin.
Biar ada yg TKO,, setuju'kan guyğŸ˜ŠğŸ˜Š","Netral"
"464","@agussuhandi995","Remacth dengan ronde dibanyakin siapa yg pingsan","Netral"
"465","@muhammadrivan9583","Kayak setingan tunjuannya lemah","Negatif"
"466","@TegarMhm","Loh kok menit menit jeffry keluar gadağŸ˜¢ gw cari tidak adapun ğŸ˜’","Netral"
"467","@andriansyahmutty8054","1:33:19 Petinju ini bisa jadi idola wanita. Tapi untuk bersaing di kelas berat di Asia agak berat. Karena keliatannya dia tipe yang gak tahan pukul alias rahang kaca. Kalau dapat lawan kuat. Gw yakin bakalan tidur dia di atas ring","Netral"
"468","@paparockvrr2095","Harusnya seri ini.","Netral"
"469","@user-vq8yf4pj5n","Telingany El Rumi sakit dari tdi kkjhe teriak di telinganya si El rumi..ğŸ˜…ğŸ˜…","Negatif"
"470","@ISRAEL_HORSE_PENISS","Apaansi kaje mepet2 elrumi mulu wkwk. Sampe lagi umumin penilaian siapa yg menang dia malah ganggu ngoceh2 wkwk. Sipaling menggurui bgt sama paris juga gitu menggurui paris latihan buat lawan yunus","Negatif"
"471","@ridwansudirman1031","Sama sama lemah di titik akhir 
Yang satu lemah karena terus memukul dan yang satu lemah karena terus di pukuli ...
El beberapa kali Tumbang sedangkan jef pertahanan tubuh lebih baik.","Netral"
"472","@ridwansudirman1031","Sama2 lemah di titik akhir yg satu karena memukul yg satu karena di pukuli el Sia2 menyimpan stamina karena musuh ga tumbang di menit akhir ... Yg ada ronde awal sampai sebelum ronde akhir di miliki oleh jef apalagi el sempat tumbang beberapa detik.","Netral"
"473","@ZulFS-cq4ik","sejak kecil el rumi sdh diajarin tinju .. beda lah el rumi lebih luwes di atas ring ..","Positif"
"474","@RMA789-jy8mk","Buat petarung jalanan, Jefri dianggap menang. Tapi, jika sudut pandang sport, El pantas menang. Karena sport itu butuh taktik, bukan grabak grubuk â˜â˜â˜ğ‘ğŒğ€ğŸ•ğŸ–ğŸ—","Positif"
"475","@RMA789-zf9nt","ğ‘ğŒğ€ğŸ•ğŸ–ğŸ— Buat petarung jalanan, Jefri dianggap menang. Tapi, jika sudut pandang sport, El pantas menang. Karena sport itu butuh taktik, bukan grabak grubuk","Positif"
"476","@RMA789_BANJIR.CUAN..","â˜â˜â˜Kesalahan Jefri ini cuma satu, dia gegabah. Terlalu membabi buta di awal tanpa memikirkan stamina sampai akhir ronde. Pukulannya asal melayang tanpa ada poin yg masuk.","Negatif"
"477","@ciamamangresing","Kesalahan Jefri ini cuma satu, dia gegabah. Terlalu membabi buta di awal tanpa memikirkan stamina sampai akhir ronde. Pukulannya asal melayang tanpa ada poin yg masuk. @ğ‘ğŒğ€ğŸ•ğŸ–ğŸ—","Negatif"
"478","@Yassa---","El-Rumi menang karena beberapa kali jago menghindar, dengan mundur kebelakang secepat kilat sebelum pukulan Jefri Nichol mendarat. El-Rumi juga jago bermain teknik taunting (mengejek lawan) supaya bikin lawan emosi.  @ğ‘ğŒğ€ğŸ•ğŸ–ğŸ—","Positif"
"479","@dhittt-","@ğ‘ğŒğ€ğŸ•ğŸ–ğŸ—
El-Rumi menang karena beberapa kali jago menghindar, dengan mundur kebelakang secepat kilat sebelum pukulan Jefri Nichol mendarat. El-Rumi juga jago bermain teknik taunting (mengejek lawan) supaya bikin lawan emosi. 

Disatu sisi, Jefri Nichol terlalu banyak memukul namun banyak yang miss, walaupun sekali pukulan kena itu bisa kuat berdamage, namun karena ada helm jadi kurang sakit. Selain itu Jefri kelelahan dan mudah terpancing emosi.

Selamat buat El-Rumi dan tetap semangat buat Jefri Nichol ğŸ’ªğŸ”¥","Positif"
"480","@RMA789_NIH.BESTIE","â˜â˜â˜Buat petarung jalanan, Jefri dianggap menang. Tapi, jika sudut pandang sport, El pantas menang. Karena sport itu butuh taktik, bukan grabak grubuk","Positif"
"481","@coyyyous","Jefri terlalu brutal hingga membuat staminanya habis , sementara El mampu menjaga staminanya, didalam boxing, stamina itu sangat diperlukan @ğ‘ğŒğ€ğŸ•ğŸ–ğŸ—","Positif"
"482","@naraaa-","Diluar ekspektasi ternyata Jefri Nichole setamina Habis hingga ronde 4 babak belur ... Pentingnya strategi agar tak terkuras tenaga. El lebih bisa mengontrol stamina. Sebenarnya pukulan lebih kuat Jefri tapi El lebih cerdik. Pantas kalo El yg menang, ternyata kuat saja belum jaminan utk menang. @ğ‘ğŒğ€ğŸ•ğŸ–ğŸ—","Positif"
"483","@RMA789-jy8mk","Kesalahan Jefri ini cuma satu, dia gegabah. Terlalu membabi buta di awal tanpa memikirkan stamina sampai akhir ronde. Pukulannya asal melayang tanpa ada poin yg masuk.ğ‘ğŒğ€ğŸ•ğŸ–ğŸ—","Negatif"
"484","@southyeolsel","Buat petarung jalanan, Jefri dianggap menang. Tapi, jika sudut pandang sport, El pantas menang. Karena sport itu butuh taktik, bukan grabak grubuk @ğ‘ğŒğ€ğŸ•ğŸ–ğŸ—","Positif"
"485","@epinluneto","yaelahhhğŸ¤¦â€â™‚ï¸
fikirÂ² aja dlu mau lawan Randi Pangalila, atw mendingan jngan deh kasihan Jefri nya, dibikin samsak nnti","Negatif"
"486","@RMA789-zf9nt","Tatapan Al ke El sehabis ronde ke empat bikin terenyuhğŸ˜¢ dia seperti nahan nangis liat adeknyağŸ˜¢ sweet banget persaudaraan merekaâ¤ğŸ˜«ğ‘ğŒğ€ğŸ•ğŸ–ğŸ—","Positif"
"487","@RMA789.TERBA1KK","~Kesalahan Jefri ini cuma satu, dia gegabah. Terlalu membabi buta di awal tanpa memikirkan stamina sampai akhir ronde. @ğ‘ğŒğ€ğŸ•ğŸ–ğŸ—","Negatif"
"488","@RMA789.SIGACOR","~TETAPLAH semangat bosku ngontennya! Semoga membantu para viewers untuk semangat terus dalam berkaryaa!!! ğŸ¯ğ‘ğŒğ€ğŸ•ğŸ–ğŸ—","Positif"
"489","@S1TUS.RMA789","~Semangat buat kontennyaa bang aku sangat terhibur saat nonton video abang... Oh iya beneran baguus tuh!! @ğ‘ğŒğ€ğŸ•ğŸ–ğŸ—","Positif"
"490","@MAXW1N-RMA789","â˜~MANTAP BANGET INI BANG. BAGIAN TERHEBAT YANG HARUS KAMU COBA! @ğ‘ğŒğ€ğŸ•ğŸ–ğŸ—","Positif"
"491","@pamanahrasa6439","Kje ngapain ada di ring? Dia gak tanding kan? Ko so sibuk bener dah.. Caper banget perasaan","Positif"
"492","@sahrildompu6112","Vix ini curang sihhh,,,harusnya Jefri yg menang,,,,","Negatif"
"493","@yunifatresia6389","Yg topi hitam udah bang udaah","Negatif"
"494","@Realme12-ik5gj","Ga sesuai harapan hasilnya","Negatif"
"495","@user-kv5ts6lz1j","Di luar point yg dilihat..ğŸ¤£ğŸ¤£","Negatif"
"496","@ikafitria7251","Jefri tetap di hati.","Positif"
"497","@LisensiafniSimamora-wb4bm","El kalau berani lawan Azka dong","Netral"
"498","@teguhperwiranegara4849","Inti nya kalah.., yg kalah malah banyak alasan.. toh kedua nya samaÂ² pake headguard. SamaÂ² terbatas

Intinya menang., klo d luar ring beda crita ..hrusnya ngaku kalah terbuka dan tantang ulang d ring.","Negatif"
"499","@flankboy7791","Jefri nichol boleh kalah sama anak mami, tapi satu indonesia ga bisa di bohongi ğŸ‘","Negatif"
"500","@ramdhanirama9951","Kalo si botak lawan Jefri auto bonyok","Negatif"
"501","@ELRUMITV","MAIN EVENT: EL RUMI vs JEFRI NICHOL menit 27:15","Netral"
"502","@tilmandion1017","Kenapa Jefry & El tinju pakai alat penutup wajah kan yg lain tdk pakai alat penutup wajah","Negatif"
"503","@aqsamadina7744","Jauh dr sblm event ini sudah suka El dr dlu....","Positif"
"504","@adrianusnopan4593","Gantian lagi ell rumi lagi main di kelas nya jefri nichol berani gak","Netral"
"505","@ruslanruslan8986","Seharusnya jefri yg menang,, byk lh jefri yg masuk pukulannya","Negatif"
"506","@user-so1sw4jg3o","el memekkkkkkk","Negatif"
"507","@whensy6005","ini keren ni 
anak muda yg beraninya main di ring tinju ga kaya si anak sampah bawa bawa parang di jalanan para pengecut
ini tonton buka mata Lo lebar lebar 
keren ni
jgn berani keroyokan kaya belatung nangka","Positif"
"508","@whensy6005","v","Netral"
"509","@irtkampoeng05","Yg pake topi itu siapa sih, sodaranya el yah?","Netral"
"510","@soeshiro","kok gw malah ngakak ya wkwk","Positif"
"511","@emmuchlasofficial","All in El, mental juara sih, congrats El Rumi utk kemenangannya,  selamat sudah koleksi 2 sabuk juara ğŸ‘ğŸ†","Positif"
"512","@asianseabass7755","Emang layak menang si  El, Jef banyak pukul angin","Positif"
"513","@shezukajajan","Sukses selaluâ¤","Positif"
"514","@yuyukangkang9373","Jefri Cuman Nafsu ga paham Point Point dalam bertinjuğŸ˜‚","Negatif"
"515","@ekooke-um6zc","Satunya murni petinju dan satunya murni seperti mau tawuran fersi gulat ğŸ¤­ğŸ™","Netral"
"516","@beritakita9538","yang nyiram air tulul kebanyakan","Negatif"
"517","@user-qe8nd6me1q","Kalau ga di sering,, di memakan karna banyak ğŸ¤‘ğŸ’¸ğŸ’µğŸ’´ğŸ’¶ğŸ’°ğŸ’³","Netral"
"518","@sahabatmuliaofficial9486","Free Palestine","Netral"
"519","@mr.wowwooo6063","Itu kkje ngapain sih heboh bangetğŸ˜‚ğŸ˜‚ biara kenapa lu kek gtu tayyğŸ˜‚ğŸ˜‚","Negatif"
"520","@user-pp6nb4ii1c","Jelas jefri menang lah....tai....rumi jatuh bukan jatuh sendiri tuh pukulan masuk","Negatif"
"521","@user-pp6nb4ii1c","Memalukan woi....inipah indonesia banyak gak beresnya","Negatif"
"522","@user-fi2ez9pd8z","Jefri nikol yang pantass menan","Netral"
"523","@user-nh1bx3eb4s","Disini jelas lu punya uang,lu punya kuasa","Negatif"
"524","@ahmadthareq4120","haha pukul sana sini, tinju kana kiri eeee tak taunya kalah jugağŸ˜… operdosis drama siğŸ˜…ğŸ˜…ğŸ˜…ğŸ˜…ğŸ˜…ğŸ˜‚ 
mana ni suara kaum hawağŸ˜‚ğŸ˜‚ğŸ˜‚","Negatif"
"525","@fathirgemilang8457","Letoy","Negatif"
"526","@Derry92510","Saya penggemar tinju... 
Ini Hasil yg aneh..ğŸ˜…
Apa uang yg bicara??","Negatif"
"527","@khaechannel7280","Coba mana yang bilang Jefri menang di mata Indonesia ituğŸ˜‚ğŸ˜‚ğŸ˜‚ matamu aja ya g picek, pukulan mis trus gmn mau di hitung poin, ingusan ngk paham tinju tolong diam aja ğŸ˜‚","Negatif"
"528","@khaechannel7280","Sklian sama promotor itu aja 5 match tanding. Jngn cuman bisa bilang 5match"" saja","Negatif"
"529","@shbrnptri4638","Njir aku liat el pas istirahat round 2, ngakak itu yg nyemprot air mineral ke wajahnya juga kaget keknya ğŸ˜‚ğŸ˜‚ğŸ˜‚ 37.50","Positif"
"530","@bjdkipli2011","Maklum konohağŸ˜ŠğŸ˜‚","Positif"
"531","@cherlynaanggraini9353","Undang Saih Halilintar dong lawan sapa gt, pasti keren ğŸ˜Š","Netral"
"532","@pipitsyafitriaulfa2887","El dan jefri mantap","Positif"
"533","@penyningsih5881","El the best si smua ronde,, good job, El the winneeeeeeerrr","Positif"
"534","@mahendra6827","Loe punya Uang loe punya KuasağŸ˜‚","Negatif"
"535","@user-oo6zs4es1u","Ronde 2 sama 4 pukulan El banyak banget masuk","Positif"
"536","@subhannawawi9170","Jagoan gue kalah , sekali lagi Cok biar puas lagi tandingnya.","Negatif"
"537","@yanahmarkonah496","menurutku harusnya yg menang jefri nichol sih, lebih banyak pukulan nya","Negatif"
"538","@ernezkolaka","ğŸ˜‚ğŸ˜‚ğŸ˜‚sy ulang terus ... itu jatuh karna kena pukul..d mananya terpeleset...wasit indonesiağŸ˜‚ğŸ˜‚ğŸ˜‚","Negatif"
"539","@nuraenikomalasari6592","Semuwah orang tu tau bang sehrus yh jpri nikol yg menang juri yh di bayar yh jadi situ yg menang","Negatif"
"540","@nuraenikomalasari6592","Bang lu harus mau Rimet lagi  temen wh ga trima  krna ini ga adil","Negatif"
"541","@makelarbatuakik9891","Simpel aja sebenarnya,, pukulan Jefry memang sangat kuat dan hampir meng KO EL rumy di ronde2 awal,, tetapi pertanyaan nya EL Rumy KO atau tidak??? jawaban nya TIDAK,,, EL Rumy TIDAK KO... ğŸ˜ 
Sebaliknya, Jefry nichol di ronde2 akhir dipukuli El rumy tidak??? IYA, Jefry nichol di ronde akhir dipukuli EL Rumy dan juga hampir KO,, jadi.. Pemenang sejati ya sangat tepat EL Rumy.. Dia mampu bertahan dlm gempuran Jefry yg brutal dan mampu mebalikkan keadaan dgn menggempur Jefry habis2 an di akhir ronde.. Keputusan tiga juri sudah sangat tepat.. ğŸ‘","Positif"
"542","@makelarbatuakik9891","Simpel aja sebenarnya,, pukulan Jefry memang sangat kuat dan hampir meng KO EL rumy di ronde2 awal,, tetapi pertanyaan nya EL Rumy KO atau tidak??? jawaban nya TIDAK,,, EL Rumy TIDAK KO... ğŸ˜ 
Sebaliknya, Jefry nichol di ronde2 akhir dipukuli El rumy tidak??? IYA, Jefry nichol di ronde akhir dipukuli EL Rumy dan juga hampir KO,, jadi.. Pemenang sejati ya sangat tepat EL Rumy.. Dia mampu bertahan dlm gempuran Jefry yg brutal dan mampu mebalikkan keadaan dgn menggempur Jefry habis2 an di akhir ronde.. Keputusan tiga juri sudah sangat tepat.. ğŸ‘","Positif"
"543","@GOVLOG-mv2oo","Gue mau lawan AL boleh ga","Netral"
"544","@liamanroe6463","Hahahaa... Mr. J kebanyakan ngalah, menghindar padahal doi strong dan OK Bangett... Orang bener pasti mengalah dari ..... (Isi sendiri) ğŸ˜‚ğŸ˜‚ Love J â¤â¤","Positif"
"545","@senowo3668","Keliatan hbs tenaga El.. ğŸ˜¢","Negatif"
"546","@nabiilahsnhanifah5248","Dari awal uda yakin aku mah sama EL, jelas beda lah yang terlatih dan pakai strategi ga cuma ngotot doang ğŸ˜Œ
Plot twist : anak jalanan kalah sama anak komplek âœŒğŸ»
Anak komplek pride ğŸ”¥ğŸ”¥ğŸ”¥","Positif"
"547","@user-es1hd4cs5m","Semangatt el,kamu terbaikkâ¤â¤","Positif"
"548","@apipmiptah261","Malu gak tuh si jepriğŸ˜‚","Negatif"
"549","@musikdangdut9910","Selamat buat El atas kemenangan nya","Positif"
"550","@user-hu6ff4wf8m","Pukulan org banci dua duaya.","Negatif"
"551","@nendenrahmawati536","The real big boyzzz â¤â¤â¤â¤","Positif"
"552","@deahradeahra8054","â¤â¤keren EL yakin kmu pemenangnya god job pokoknya mantap is the best","Positif"
"553","@alenzaputri4183","El memang kalah d ring bukan berarti kalah d pertandingan","Positif"
"554","@sri1525","Ayo biar ada boy William yg sukses lagii Kaya Raya cerdas dimasa mudanyaâ¤","Positif"
"555","@nikenaprianti6028","Selamat buat elrumi.. Atas kemenangan nya mampu menjaga stamina sampai ronde terakhir .. Sang mental juara.. Jangan pernah merasa puas.. Tetap semangat dan selalu rendah hati.. Sukses selalu untk kamu kereeen...top markotop","Positif"
"556","@Okpa-mi4ko","Kayak emak emak cok baru juga 1 ronde udah ga ada tenaga","Negatif"
"557","@orangbiiasa_689","Kebelet pansos banget","Negatif"
"558","@user-gr2wv9ln9z","Next el rumi vs azka corbuzer","Netral"
"559","@AliAzhari-wb9yt","Tinjunyaaa mundurrrr2 trus barangkali kejebur om el","Negatif"
"560","@user-mn3hm6gr5g","Congratsss ell","Positif"
"561","@euisferawati424","Keren dibuat recap dari awal sampe akhir jadi penonton bisa kena juga.. Keluarga, pendukung sampai gebetan ya ElğŸ˜…","Positif"
"562","@desisusanti2343","Beruntung banget mmiliki ayah yang hebat mendukung totalitas serta bunda yang tangguh","Positif"
"563","@destirobbia","Dua duanya hebat. Tp jujur sedih liat pendukung jefri sedikit di atas ring, apa gara2 kebanyakan artis? Sama2 teman2nya EL jd pd canggung.. dibanding dia kalah lebih sedih liat keluarganya sedikit akumah","Netral"
"564","@JagadGaming95","Pertemukan iko uwais dan jeka saragih","Netral"
"565","@repsolhonda879","EL mempunyai lengan panjang, seharusnya EL banyak menggunakan JET JET pukulan.","Netral"
"566","@fajardsatria","Klo jefri yg menang blm tentu mau rematch karena dia punya target lain, sedangkan el rumi dari awal cuma nerima penantang","Netral"
"567","@hj24channel53","Seharus nya jefri yg menang dsni","Netral"
"568","@thantyoprabowo7217","Fans nye jefri pada kaga ngerti tinju bacottt kek kontolll ğŸ˜…","Negatif"
"569","@merah8003","Senang dan Bangga EL Rumi berada di team yg Good. Kumpulan Ksatria Bukan hanya Tehnik Tinju yg Benar tapi speak2 nya Good Semua.Good Job Team

Coba dong Abidzar vs AL Ghazali  
KASIH PAHAM AL","Positif"
"570","@merah8003","Abidzar vs Al Ghazali
#abidzar #alghazali
KASIH PAHAM AL..!!!","Positif"
"571","@user-vi1mb8mu4b","Kukira jefry yg menang","Netral"
"572","@user-vi1mb8mu4b","Jefry jefry nicholğŸ˜¢ğŸ˜¢ tetap semangat bang jefry lu juara di gua","Positif"
"573","@MagicChess_MLBB","Jdi konsepnya begini ya, lu punya org dalem +duit lu punya kuasa bedessssğŸ”¥","Netral"
"574","@mfahri1318","rematch seru si 5 ronde","Netral"
"575","@wawangugun1549","Kalo dari segi pukulan keras emang jefri lumayan tapi banyak miss, el rounde terakhir pukulannya kena lebih banyak yg kena jadi el udah pasti win","Positif"
"576","@milachannel1694","Enth knp liat Lula Zara msh ngakak ya Allah","Positif"
"577","@anitacezy3556","EL lu kan mau tanding ulang tuh. Gw yakin jepri pasti bakalan niru gaya miketison karna tinggi badan dan kekuatan tinjunya mirip. 
Jadi lu harus berlatih tiap hari niru gaya lenox lewis..atau muhammad alu supaya bisa menang nanti. 
Dan yg paling penting nafas, lu berhentu coli dulu deh sementara karna itu bikin dengkul kopong cepet lemes, jadi lu tiap pagi dan sore lari deh, itu bakal pengaruh besar buat nafas di babak2 terakhir. 
Dan yg terakhir yg gak kalah penting itu mental, jangan emosi anggep aja iseng main ama ade lu jangan serius2, santai aja.","Netral"
"578","@maiazie8590","Keren pake banget Bang @elrumitv, keep the rock yeahhhhh â€¼ï¸","Positif"
"579","@sitijunh","Selamat buat el Rumi,betranding secara tenang,dan tidak emosiğŸ«°ğŸ¤","Positif"
"580","@pennynk_","Gilaaaakkk mentalnya el josss banget, tak tiknya jg oke, Selamat El atas kemenangannya, kamu sangat pantasğŸ‰ğŸ‰ğŸ‰","Positif"
"581","@setyorini5746","Bravoo el rumi","Positif"
"582","@lalalaksono29","Keren EL smart","Positif"
"583","@miarasmiati8131","â¤â¤â¤ğŸ¥°ğŸ¥°ğŸ¥°ğŸ˜ğŸ˜ğŸ˜all in El Rumi","Positif"
"584","@fitriafit21","Tuh ngaku si Jefri ny modal emosi mulu sma noyor dorong2 mulu","Negatif"
"585","@pengaronaja3639","Coba kak el sama varel bramasta pasti seru","Netral"
"586","@edochandra","Tai","Negatif"
"587","@atikaagustina3456","Selamat ya,tapi aku sebagai fans kamu,agak kecewa sih soalnya aku ngarepnya sih menang karena K.O bukan karena selisih angka. Aku liat juga El banyak banget sering tersudut terus juga hampir jatuh gara2 pukulannya si Jefri,harapan aku sih bisa tanding ulang,tapi itu cuma sekedar harapan pribadi aja sih ğŸ˜…,tapi yaaa udah yg terjadi ya terjadilah. Anyway congrat's yaaa El.ğŸ˜Š","Netral"
"588","@gameplay_pemula.","El memang pantas menang...","Positif"
"589","@saifulanam7891","Terlalu banyak yg kasih arahan ğŸ˜…","Netral"
"590","@qatarmystory8192","Akumah terus terang ga suka el jadi petinju ,pengen nya el jadi penyany sama main film aja","Negatif"
"591","@urick2785","Kesini cuma pengen tau speech cornernya tim El, sumpah mereka keren banget terutama coach Vicky sama Kkaje ğŸ‘ğŸ‘ğŸ™","Positif"
"592","@chipmate","next lawan azka corbuzier","Netral"
"593","@user-js3sk5hm3s","Gue terharu saat El minta maaf setellah tanding sama si jev","Positif"
"594","@ptprabudirgantara1092","El, lo fight ma si Billy Syahputra","Netral"
"595","@AdiPutra-je6uc","NEX ASKA SIH","Netral"
"596","@AnnisaFaeyza-nt3mt","Pas terakhir el emang yg lbih bnyk mukul","Positif"
"597","@dimdimas301","Banyak yg gk melihat, gk memperhatikan dengan baik kalo pukulan el juga banyak sekali yg masuk meskipun memang powernya terbilang kurang kuat, tapi light punch dan ""colongan2""nya banyak yg masuk seperti contoh di 35 detik terakhir ronde ke 3 dimana long hook jefri hanya satu yg masuk tipis sementara el membayar dengan jab dan uppercut, jefri mencoba melancarkan uppercut namun tertahan tangan el. Once again punch that hit the target that counts, no matter how weak or strong its power. selain itu masalah head movement dan taunting bisa masuk dalam poin plus selain dari pada tetap bisa bertahan sampai ronde akhir. Salam sportmanship.","Positif"
"598","@merah8003","Tinju bukan hanya terlihat garang saja.tp ada tehnik dan strategi.mau maen lsg ngluarin diawal atau di akhir pertandingan","Netral"
"599","@YuniorPrakoso","Tantangi Leon Dozan berani nggak","Netral"
"600","@alkafakih5196","Yg bilang kemenangan el rumi sudah diatur.. matanya buta kali ya..pukulan el rumi telak.sedangkan pukulan jepri amburadul banyak jonk nya...","Positif"
"601","@victorandodachi5918","Namanya jg indonesia, pdhl yg banyak pukulan itu jefri ke el. Sabar ya jefri. _x000D_
Hi kenalin dong sy victorando sy ingin melawan el itu. Blh dong ekspose sy kesana. Bantu ya yg bisa dukung sy.","Netral"
"602","@tonymlong1081","ego yang tinggi ternyata akan terjerumus kekalahan,resiko jefri sebenernyA udh bisa ko tetapi elrumi udh terllu lelah ketika jefri goyang dn menunuduk di menit terakhir kalo el rumi bisa memanfaatkan moment itu,,,ko sudah","Netral"
"603","@saldydopa1353","Bener sih yang menang El soalnya power Jefri udah allin diawal ,rounde 3-4 El banyak masuk point' dironde 2 itungangan imbang rounde 1 Jefri bagus tapi sayang udah habis powernya","Positif"
"604","@user-ts5il3cb6z","Sebenarnya pukulan JN lebih mengena dan terarah.dr awal .ada satu ronde yg draw","Netral"
"605","@blackrider4615","Bagi mata yang tidak terlatih, akan terlihat seolah-olah seorang petinju melakukan banyak pukulan, padahal sebagian besar pukulannya diblok atau tidak mendarat dengan rata.Â Seorang juri perlu mencari pukulan keras yang mendarat dengan bersih dan itu yang terjadi. .pukulan EL banyak yang mendarat telak dan bersih bukan spt JN yg nyerempet doangğŸ˜‚","Positif"
"606","@user-ti7tt8bj3m","LucunyağŸ˜‚ğŸ˜‚ğŸ˜‚","Positif"
"607","@Blvcksin","NEXT FIGHT _x000D_
EL RUMI VS AZKA ğŸ‘","Netral"
"608","@pungkaswahyunto34","Harusnya yangvmenang jefri nikol","Negatif"
"609","@Aka_Achmad","Hahahah..El rumi keok..wasit nya payah .buta","Negatif"
"610","@taubatchannel1525","Seharusnya pelindung kepala dibuat lebih tebal lagi..dari bata ringan misalnya","Negatif"
"611","@ludiayopijuniawan1702","Sangat jelas sekaliğŸ˜…ğŸ˜…ğŸ˜…","Netral"
"612","@imutmainah8084","kayak emosi gitu si jerfriğŸ¤£","Negatif"
"613","@user-cn8vi5hi7u","Jlas bgt el kalah hakim g adil","Negatif"
"614","@PERKONGSIANVIDEOONLINE","jn nafsu banget","Netral"
"615","@user-bx5cz6vy4h","Sengaja kalik kalah jefry","Negatif"
"616","@user-tm6ir8wy4d","Dominan tarungan D bang jefri.. eh trnyata malah k balik yg menang el..hadeh","Netral"
"617","@user-wf1jj1jy4f","tinju gk jelas","Netral"
"618","@daffaputranto","Jefri ngandelin hook_x000D_
El rumi ngandelin jab and straight_x000D_
Gw akuin hook itu bikin nguras tenaga. Jarang bgt jefri ngelakuin jab and straight harusnya dia kaya el. Makanya terkuras abis staminanya jefri. Goodjob el rumi dan jefri mantap","Netral"
"619","@teguhriyadi-rq6lo","Pdhl bgus jefri mainy.tpi mlh mnang el . aneh","Negatif"
"620","@WarnerBrosAceh-ie4lf","2 idiot sudah bertarungğŸ˜‚ğŸ˜‚","Negatif"
"621","@romualdusjefri9639","Lemah banget mreka dua ni....memang klo kami org timur beda yah...kami lebih kuat dari mreka","Negatif"
"622","@Pengaranghandal5521","Masalahnya strategi sih. Jeff nargetin round awal tp perjanjiann make pelindung kpl, lawanya El bukan haters yg gapunya basic boxing. El disiplinnya konsisten dan Jeff terlalu ambisi buat Tko","Positif"
"623","@user-gg3uq6xl7w","Wasit nyaa ajng","Negatif"
"624","@zahrakirana2933","Hahahaha habis nafas petinju sempoyongan","Positif"
"625","@anakitiktokwi2939","Tinju yg lucu ğŸ˜‚ğŸ˜‚ğŸ˜‚ğŸ˜‚","Positif"
"626","@anakitiktokwi2939","Jeffri itu kayak mau membunuh elğŸ˜‚ğŸ˜‚ğŸ˜‚ğŸ˜‚makanya pukulannya ganas ganasğŸ˜‚ğŸ˜‚ğŸ˜‚.. Dia sesuainya jd Street fighter ajağŸ˜‚ğŸ˜‚ğŸ˜‚ğŸ˜‚","Negatif"
"627","@dedemark1736","Aku blm hbs ntn .baru 1 ronde ja. Ku lihat gesit jefrry.. tpi lanjut dulu.ğŸ˜‚ğŸ˜Š","Netral"
"628","@rogerstanley3005","Juri nya dibayar berapa sm si botak?ğŸ¤”","Negatif"
"629","@ujangtea5890","laki banget dh rumi","Negatif"
"630","@nawirmunawir486","Pukulanya mirip emak2.lg hamilğŸ˜‚","Negatif"
"631","@moroberkah5310","Terlalu ingin menjatuhkan elrumi,, tapi pukulan jadi ga terarah.. main kyk gitu round 3 biasanya  sdh ngos2an.. round 4 smpe akhir milik elrumi","Positif"
"632","@tandanielwijaya3047","Curang menurut saya jefri lebih banyak memukul telak... Ga masuk akal ini permainan","Negatif"
"633","@hendrasuwandra991","seru Bos","Positif"
"634","@user-tp4oz6yo5e","Ah curang seharusnya Jefri menang","Negatif"
"635","@dianalimardi88","Bagus lah. Biar si JN jangan sok jago mulu. JN dorong2 mulu. Berharap si El jatoh n mentalnya jatoh. Padahal bukan krn dipukul tp krn didorong.","Positif"
"636","@jajangsuriadin960","Padahal masih muda napas nya ampun cuman 4 rondeğŸ¤£ bayangin kalo d pukul Ryan GarciağŸ¤£","Positif"
"637","@holigoodslazada4338","UANG BERBICARA","Negatif"
"638","@medailyshorts","ğŸ˜‚","Netral"
"639","@halfway7241","Oh tinju ya, kirain balap motor pake helmğŸ˜…","Positif"
"640","@epinluneto","Jefri Nichols vs Randi Pangalila figth MMA?? _x000D_
mnding gak usah, kasih Jefri nya nnti, dijadiin samsakğŸ˜","Netral"
"641","@user-og5hn5rl5h","Pukulan jauh bnyk jefri  tapi pukulnya banyk ke badan dan kena angin","Netral"
"642","@rezapramanaputra5652","El kaburÂ².an mulu ğŸ˜…","Negatif"
"643","@lestarijaya1962","Komentatornya qemihak el rumi","Negatif"
"644","@Sunsun-pg6qj","Konten. Orang bodoh saja yang se7 dengan kemenangan itu. Jelas2 nikol yang lebih banyak masuk pukulan nya. _x000D_
_x000D_
Jangan di tonton lagi acara seperti ini","Negatif"
"645","@iwayansumarsana6988","Klo saya lihat jefri lah the winner...krn byk pukulan jab nya masuk....wahhhh da pa nich...","Netral"
"646","@ferriiswanto1069","Kok bisa gitu ya, yg dibantai siapa yg menang siapa.","Negatif"
"647","@3GChannel828","Mau kalah mau menang_x000D_
Mereka itu gentle","Positif"
"648","@novianasari621","untuk energi dan stamina gw pro ke jefri, untuk pertahanan memang el lbh bisa mengontrol pertahanan nya, pukulan el lbh sering kena mungkin krna tangannya lebih panjang nggak siğŸ˜… gw ğŸ˜…kurang paham olahraga ini","Netral"
"649","@user-cl3pt4zb8i","Apan.y jelas jelas poin di tangan jefri nikol. Masa yg menang al. Poin mutlak buat jefri.nokol bos.","Negatif"
"650","@singgihw9900","Bgusan el rumu , rapih","Positif"
"651","@jhozemadrid4444","Juri apaan?? Ronde 1-3 jefri unggul, ronde 4 el rumi emang unggul sih tapi menit 7:42 el jatuh bukan kepleset itu pukulan dan kuda2nya yg gk kuat.. ga jelas jurinya gw nntn 3x dari 2 sisi, dari sudut pandang el sama jefri, harusnya jefri win no debat!","Negatif"
"652","@petualang90tv94","El irit tenaga di awal ronde.","Netral"
"653","@agussatria2235","Main sogok dong","Negatif"
"654","@pampam-tu8hj","Di pertandingan ini inyong idolaku yg menang ....","Positif"
"655","@hakimyangadil5768","Ngk JELAS CapekÂ² Bertanding aja kalau Juri Indonesian bisa d sogok, sungguh Membangonkan Para Petaruh aja Kalau begitu ğŸ˜‚ğŸ˜‚ğŸ˜‚","Negatif"
"656","@laksonoroy5109","Pesona Ahmad dhani  dipecah diturunkan ke ketiga anaknya : _x000D_
Al : flamboyan_x000D_
El : fighter _x000D_
Dul : seniman/musik","Positif"
"657","@jumrianimuntaha5479","Yg menang poin masuk UGD._x000D_
Lah yg kalah poin masuk Rumah makan.._x000D_
Busettttt dahğŸ˜…ğŸ˜…ğŸ˜‚ğŸ˜‚ğŸ˜‚","Positif"
"658","@mahyudiyudi8082","Jefri vs duit","Negatif"
"659","@suspect6421","Ini baru keren, gimana kalau lawan celos wkwkwkwk","Positif"
"660","@SifaluMakruf-nw1wq","Coba lawan alghazali","Netral"
"661","@anisawicaksono5994","Apakah ini setingan..ğŸ˜‚ğŸ˜‚ğŸ˜‚","Negatif"
"662","@ramdhanirama9951","Lu punya uang lu punya kuasağŸ˜‚bapak nya menghalalkan segala cara untuk kemenangan anak nyağŸ˜Š","Negatif"
"663","@ramdhanirama9951","Kalo ga pakek pelindung seru ini","Netral"
"664","@oblank3535","Wah nnti pasti ical turun nih tanding sama adenya el_x000D_
ğŸ˜…","Netral"
"665","@kawanriot1617","Kaya emak2 berantem ga sih","Negatif"
"666","@SyaifBahri","Kelas rongsok","Negatif"
"667","@kamdahir390","Lebih seru ini dr pda si vicky vs azka","Positif"
"668","@RadennJery","Bacot lah jelas2 yang harusnya yang menguasai pertandingan yang harusnya menang, biasa lah sistem indo jagoan slalu kalah sama pihak kedua","Negatif"
"669","@ImanNungkyKautsar","Kayak McGregor vs Diaz di UFC. McGregor yang hobi taunting dan ngeles ngabisin energi lawannya, sama Diaz yang gak terlalu bisa taunting, body dan tenaga lebih gede, yang penting bisa gebukin lawannya. ğŸ˜‚","Positif"
"670","@rustamasa4377","Menang poin dr wasid doank sih._x000D_
Dan faktanya sekarang El_Rumi malah tepar. Padahal lebih tinggi lebih panjang pula.","Negatif"
"671","@taufikkurahman7319","Lu ninju apa renang?","Negatif"
"672","@fanyjuniardi3609","El setiap melempar pukul banyak yg masuk ketimbang jepri","Positif"
"673","@user-mw7fi5pk8u","Hebat El Rumi bisa jadi petinju hebat, tingkat kabupaten latihan lebih ekstra keras terutama di lari","Positif"
"674","@kriescaezardandel9844","JN sih harus nya , belly punch jg banyak kok yg kena , minimal seri","Netral"
"675","@kisut7","saya baru tau el rumi maen tinju","Netral"
"676","@ananjayachannel","El rumi perlu latihan keras otot kaki","Netral"
"677","@alexandrianto1286","Saya mlah jadi ngantuk lihat tinju ini ğŸ˜‚","Negatif"
"678","@user-lq2jc1kb6e","Curang jevri, yg menang kenapa si al yg menang, bikin malu saja, ganti saja juri nya dan has it nya","Negatif"
"679","@user-tm5nn4wd7u","Jefri kalo agak tenang sedikit..El bisa njengkang itu KO..sayang jefri nafsu","Negatif"
"680","@aguskusbiantoro9417","Petinju blimbing sayur","Negatif"
"681","@widijatmokonaturafit4124","Jefri menang di Ronde 1-3, El Rumi menang di Ronde 4, harusnya Jefri menang angka telak","Netral"
"682","@hakimnur-ur2um","kalo suruh berantem tangan kosong mah, el rumi ga ada apa2nya","Negatif"
"683","@atharrazkaakbar5547","El rumi pake orang dalem pler cacat gua sebagai fans nya jefri kga trima tai ğŸ˜¡ğŸ¥µ","Negatif"
"684","@Dargombez0","Yg bilang el ronde 1 kalah fix pecinta netflix ngomentarin tinju..justru ronde 1 el banyak curi poin","Negatif"
"685","@baimibrahim7012",",ğŸ˜‚ğŸ˜‚ğŸ˜‚ jls jls jefry yg mendominasi,mlh yg mennag ono ,,lawak juga ya juri nya","Negatif"
"686","@muhammadrival3106","Huu yg merah ma maen BP BP an aja gosa guntell ,munduran terusss","Negatif"
"687","@joelchristiansiregar4493","Padahal jelws banget jef mennag telak wkwkw","Negatif"
"688","@LunaLuna-uu3hr","Coba JN Fight Sama El Rumi Baku Pukul Selayak Nya Cowok Beradu Otot Pasti Menang JN","Positif"
"689","@LunaLuna-uu3hr","BUAT PERTANDINGAN SYAPA YG LEBIH GANTENG JN OR ER SO PASTI LEBIH GANTENG JN LAH","Positif"
"690","@fantasticwhite2739","mungkin jfr pgn bikin el k.o di ronde 1 biar keliatan keren gagah.. minya dia all in di ronde 1-2 tpi kenyataannya el gk mudah k.o dan malah jefri yg kehabisan tenaga","Negatif"
"691","@user-sb9xp6he7q","Darii sini kita paham bahwa yang ganteng aja kalah sama yang berduitt","Negatif"
"692","@bintangbintang2254","Ko heran el main kya gtu bsa mnang ğŸ¤£ğŸ¤£ğŸ¤£ğŸ¤£ğŸ¤£ğŸ¤£","Positif"
"693","@valk200","Baru kebayang para pro- fighter pasti capek buanget main banyak ronde","Positif"
"694","@worldnews2660","Jefri banyak miss nya buang2 tenaga","Negatif"
"695","@rifaldianugrah-wc8iv","Perlu ditandingvulang","Netral"
"696","@user-wn3ee5qk2i","Pantes menang Al maen nya sama kkj ğŸ˜‚ğŸ˜‚ğŸ‘","Positif"
"697","@gempuranayang9502","Di ring pemenangnya el, di medis el bonyok:v,","Negatif"
"698","@user-cp1hk2if6o","Pukulan yang keras pukulan jeprii","Positif"
"699","@chaPo12733","Biasalah maen belakang","Negatif"
"700","","","Netral"
"701","@prasetyonugroho-or6sv","El Rumi mengambil point banyak di ronde ke 4 disaat Jefri stamina udah mulai habis jadi konsentrasi kurang.","Netral"
"702","@bgsone3383","Ronde 4 jefri nichole meman kalah poin, tapi kalau mau di hitung secara keseluruhan mulai dari ronde awal sampai akhir, jelas jefri nichole lebih unggul poin. Wasit Indonesia memang agak lain.","Negatif"
"703","@alatberat237","Klo menang berdasarkan penilaian penonton ya buat apa pake juri ğŸ¤¦","Negatif"
"704","@rahmanhakim2123","Ahmad dani vs viki prasetio","Netral"
"705","@lindapuspitasari2268","Jefri nicol terzolimi yaqin","Negatif"
"706","@user-st9nk9uo4p","Klo liat tamdingnya klo saya harusnya jefri yg menang","Negatif"
"707","@user-hc3vr9px1h","Pertandingan tinju lawakğŸ˜‚ğŸ˜‚,","Negatif"
"708","@bhaktysatria1401","GK jelas siapa yg banyak kennak pukul siapa yg menang","Negatif"
"709","@jerryfirdausy7621","Lebih seru sblm tanding, saat saling liat2an & ledek2an...hahaha","Positif"
"710","@ArikRenaldi","juri nya agak mata uang","Negatif"
"711","@ArikRenaldi","sangat terlihat jelas pukulan jefri benar2 poin , sampai2 el rumy malah ken mental","Positif"
"712","@ArikRenaldi","juri jujur dong jangan pilih2, pecat itu juri","Negatif"
"713","@ArikRenaldi","jefri krenn cuman nafas nya klah ndk bisa di kontrol","Negatif"
"714","@LagukuLagumuLagukita","Pukulan el rumi banyak yg kena d banding jefri meski gak smpe jatuh. Jadi ya wajar dia yg menang coba kl smpe 6 Rode kayaknya seru tuh kita lihatnya smbil ktwa ktiwi karena udh pada lemesnya jadi kayak anak kecil mail cubit2an hahahahaha","Netral"
"715","@kusumaloster7002","TANDING ULANG , JANGAN PAKAI PELINDUNG KEPALA, KALAU MASIH PAKAI PELINDUNG KEPALA MASIH BLUM GENTLEMAN ALIAS MASIH BANCI JADI COWOK.","Negatif"
"716","@user-qd1fy8bw5q","Lawak cih","Positif"
"717","@renoahmad","tarung di ring bukan tarung jalanan,yg di nilai dari point ,bukan berdarah patah hidung atau patah gigi","Negatif"
"718","@ZorexftKurohige-wm7kj","gak seru njir gak ada darah""nya mending langsung pake samurai aja satu sama lain biar seru dan keren","Negatif"
"719","@ilmu123BongkarMotor","Yg gak ngerti Tinju enggak usah komen, Dah jelas-jelas pukulan El Rumi masuk ke arah wajah depan Jefri tapi masih aja ada yg ngebela, kalah mah kalah aja, Enggak sah ngotot & sok keras gitu doang...Mukul kok enggak kena-kena malah mukul angin & melakukan dorongan ğŸ˜","Negatif"
"720","@tuanmuda8745","Wasit nyetir fajero ud","Negatif"
"721","@RirisAnriani","Mau heran tp wasit indo... ğŸ˜…","Negatif"
"722","@daradoro2156","pertandingan yang sangat membagongkan ğŸ˜†","Netral"
"723","@AntonAnton-zb1xe","Anak TK saja pasti tau siapa pemenangnya.. _x000D_
ğŸ˜‚ğŸ˜‚_x000D_
Lucu yah.. _x000D_
_x000D_
#jefri nichol is the bestğŸ˜Š","Positif"
"724","@tarminantobas1877","Round 4 jefri kalah poin","Netral"
"725","@davidmaestro12","Dbayar brp sit??","Negatif"
"726","@acp2355","Mukul gk kena itu di tinju ngaruh loh ke stamina","Positif"
"727","@asrulpawitraoficial7333","Nggak adil tu sit","Negatif"
"728","@alexdracul666","pukulan el banyak masuk, meski tdk keras, tapi dpt point, sedangkan pukulan jef nikol keras tapi kurang yg masuk","Positif"
"729","@miebalap1966","Saya pribadi Jefri nikol pemenangnya,, ya mau gimana lagi anak dari Ahmad Dhani ğŸ˜®","Negatif"
"730","@bonarhasugian4341","Wkwkwkw emng gak salah anda punya uang anda punya kuasağŸ¤£","Negatif"
"731","@omkicao3993","Kurang mantap klo hitungn anka syang jerfy trlalu napsu ,,, tnding ulang aj klo yg nglmporok di kanfas ğŸ˜ŠğŸ˜ŠğŸ˜Š KO","Negatif"
"732","@briminato9467","Terlalu banyak yg jadi wasit di komentarğŸ˜‚ğŸ˜‚","Netral"
"733","@SampitTivi","Aneh penilaian juri.. jelas"" pukulan JN banyak yang masuk.. dibandingkan ER","Negatif"
"734","@tianadha20","tetep nichole pemenang nya","Negatif"
"735","@alghofari2136","Ronde 4 menit 1. 16 momen Jefri di lerai wasitğŸ˜‚ğŸ˜‚  tinju badut suka aneh""","Negatif"
"736","@user-xw7md4rx3i","Biasa jefri duit nya kurang , el bnyk duit nya , tau lh dari sini","Negatif"
"737","@muharchanel4802","mari yang ada keimanan dihatinya, boikot produk Israel ğŸ˜Š","Positif"
"738","@AfifRayhan-ho1bp","El anak mamah el cupu gw dukung jefri nichol lah orang buta juga tau siapa yg menangğŸ¤¬","Negatif"
"739","@yanianggraini4129","El menang 1 ronde akhir sisanya ancur tapi Jefri yang kalah","Negatif"
"740","@destaa75","Harus nya jefri yg menang ...","Negatif"
"741","@Rama-bb2ow","Jefri ğŸ‘ğŸ‘ğŸ‘","Positif"
"742","@user-cc5yh4jk2o","Bikin acara tai","Negatif"
"743","@nannddawulandariie6690","Tak beres juri nya yg memnang MH jelas Jefry bukan El hal yg tidak sportipğŸ˜‚","Negatif"
"744","@user-kf2hc3ys9p","smngat terus bang jeff,kaw pemenangnya","Negatif"
"745","@athena4698","Aduh sicantik kalah sama anak komplek ğŸ˜‚","Negatif"
"746","@pencerahan-fh5ki","Katanya lawan anak mami pukulan emak2 harusnya menang mudah bgt.. Bacot doank gede kenyataan nya... Habis gas ronde 4 dah mentok.","Negatif"
"747","@dodikusmana1369","Ronde 1,2 jefri nichol, ronde 3,4 el rumi, el rumi ronde 4 dapat poin banyak ini yg menentukan menang nu","Negatif"
"748","@WansStrongg-lo2vj","Sya mau dong di daftarkan klo ada yg pegang sya","Positif"
"749","@denynurjadonadony8026","Sejauh ini paris yg bagus dari entertainer naik ke petinju","Positif"
"750","@askarvs4678","panitianya dh dibayar ahmad daniğŸ˜‚,  jelas pukulan jefri lebih banyak masuk n keras, sedangkan elrumi pukulannya kyk cewek ğŸ˜‚","Negatif"
"751","@likaligowes2537","Yes el rumi menang ğŸ‰ğŸ‰ğŸ‰ğŸ‰","Positif"
"752","@user-vg5tq6hn2s","Jefri gak boleh dorong tapi gagal point ğŸ¤¦","Negatif"
"753","@anurmustakhin0213","Lucu sekali ini ğŸ˜‚","Negatif"
"754","@artgaming7209","Ud pegang lantai nyata dah jatuh tapi menag anjay kelasss","Negatif"
"755","@bulansafutra2044","Terllu banyak  pukulan kosong yang di lontarkan   jepri tidak menanh napsunya",""
"756","@SenKings","Sudah ketebak judul nya el rumi yang menangğŸ˜‚_x000D_
Klo ahmad dhani yang tanding seri ni kayak nyağŸ˜‚ğŸ˜‚ğŸ˜‚","Negatif"
"757","@ricoghama9448","Agresif bukan berarti menang,sebenernya el unanimous decision ,ronde 1 hitung brp yg mendarat,el lebih dari 25 pukulan mendsrat,jefri paling banyak 10,orang awam melihat yg menekan dan agresif menang,but the game is call boxing...","Positif"
"758","@yogipradifta1205","Smua yg komen pada longor !! Pemenangnya tetap Rafi Ahmad","Positif"
"759","@anggathoraja917","Kalo tanpa pelindung atau tarung bebas dijamin el bonyok","Negatif"
"760","@user-wz8fs5qh5v","Yg bagus itu no pke plindung kpla itu baru mntp..","Negatif"
"761","@hanun8166","Abang Al...so sweet bgt dah ah Ama adenyany...â¤ğŸ˜Š","Positif"
"762","@HanyaOrangBiasa1303","Penilaian gue ini seharusnya imbang sih","Netral"
"763","@DiyanDamayanti-lq3ix","Harap maklum ini cuman filmğŸ¤­","Netral"
"764","@zainalmnc5905","Jefri Nicol lah yg menang ngapa jadi El Rumi ğŸ˜…ğŸ˜…ğŸ˜…ğŸ˜…ğŸ˜…","Negatif"
"765","@friscayunita558","Coba el rumi vs jeka sangri","Netral"
"766","@CakijoMedan-ej6kj","Cuman saran. Buat Jefri Nicol coba aja tantang lagi.","Positif"
"767","@ahmadsyahreza6491","Gak banyak komen._x000D_
Rematch biar adil","Netral"
"768","@rifkyytense9354","kalau lawan buakaw dua dua langsung keyok tu","Netral"
"769","@SAGEEE_GAMING","Tuh babeh2 ngikut aja bukan nonton ğŸ˜… ngalangin aja","Negatif"
"770","@user-im8gp5cz5l","Jefri nikol menang","Positif"
"771","@ferdinangintingsvtntd8380","Kalau tanding MMA paling lama 2 ronde El pasti kalah KO","Negatif"
"772","@-Patriotfitrah","Ingat ya adiks adiks yang di hitung itu pukulan on targetnya bukan hanya melayangkan pukulan tapi ga on target ya adiksâ¤","Positif"
"773","@user-bv8pu8ci4v","Jurii tololl gatau point point,","Negatif"
"774","@tomifathir01","Ptinju smua itu yg didik El Rumi..Ali Haidar aj ad itu SMA kkj..wajar menang El Rumi...Nicol bru debut prtma.a di ring..wajar klah","Positif"
"775","@ziro5036","Aaaaaghhh aggghhhh el el â¤","Positif"
"776","@ernezkolaka","pertandingan pembodohan..wasit lpukulan masuk bilang terpeleset...wasit indonesia ğŸ˜‚ğŸ˜‚ğŸ˜‚ğŸ˜‚..tidak ada bahayanya pukulannya el rumiğŸ˜‚ğŸ˜‚ğŸ˜‚","Negatif"
"777","@ernezkolaka","muka el rumi kaget..kenapa bisa menang..sy di siksa..ğŸ˜‚ğŸ˜‚ğŸ˜‚","Positif"
"778","@renovmewah","Bnyak masuk pujulan yang telak dari si jepfi.","Positif"
"779","@renovmewah","Pukulqn si el..bnyqk tqpi cuma kenq pinggang. Itu ga msuk hitungan poin.","Positif"
"780","@user-fc4zc7ix1s","Jefri manggut manggut kena bogem El ğŸ˜…ğŸ˜…ğŸ˜…","Positif"
"781","@muchlis3461","Jadi siapa sekarang yg tinju nya kayak emak""jef,,,,","Positif"
"782","@scoreviews2793","Jefri, 9 + 10 + 9 + 9 = 37, knapa jefri poinnya 9, pdhal dia lebih bnyak pukulannya yg msuk ke el rumi di round 1, krna jefri melakukan pelanggaran dan poin di kurangi 1_x000D_
_x000D_
El rumi, 9 + 10 + 10 + 10 = 39_x000D_
_x000D_
Klo klian nonton lgi, sbenarnya round 2 jn kalah, el rumi pukulannya msuk 9 kali ke wajah jn, sdngkan pukulannya jn hnya 4 doang yng msuk , brrti jn, 9 + 9 + 9 + 9 = 36_x000D_
_x000D_
Kalaupun di round 4, di akui jatuh, tetap kalah sih bg jekol_x000D_
El rumi, 9 + 10 + 10 + 9 = 38","Positif"
"783","@user-hl9nb9uw5r","Kalah ya kalah aja anj, idung si Jefri jg mau patah wkwk","Negatif"
"784","@nnt4742","Coba klu ga pake pelindung yang di nyatakan menang poin pasti babak belur mandi darah...yang menang di infus yang kalah makan nasi kotak...","Negatif"
"785","@fitriafit21","Jelas2 El rumi menang poin tinju ny dan stamina tetap standar, sedangkan jefri sudah sempoyongan suka dorong beberapa kali dorong El rumi","Positif"
"786","@user-sq9su8tx1e","Selamaatttt El rumi atas kemenangan muui...ğŸ‰ğŸ‰.","Positif"
"787","@penantianhalawa1076","Yg membuat saya bingung, kog d blng slip, pdahal benarÂ² jatuh. Tp kog slip","Negatif"
"788","@rimawidodo2144","Besar mulut..._x000D_
KALAH ...ğŸ˜‚ğŸ˜‚_x000D_
Malu-maluin....ğŸ˜‚ğŸ˜‚","Negatif"
"789","@abilfatih7508","Tanding ulang bot","Negatif"
"790","@user-el1uy8po5e","Mending tanding ulang deh","Negatif"
"791","@joelaquary6081","El bibir bonyok, pake selang oksigen, hahaaaa,, setengah mati, hmpir  ke RS..","Negatif"
"792","@Dargombez0","Fans jefri sekte gila ğŸ˜‚","Negatif"
"793","@wibu9094","Saya dukung EL RUMI.","Positif"
"794","@abdusyakur4045","Kalo tambah ronde LG Jefry bichol bisa kayak ahong.","Negatif"
"795","@user-mw7fi5pk8u","Ngos ngosanğŸ˜‚ğŸ˜‚ğŸ˜‚","Netral"
"796","@user-mw7fi5pk8u","ronde 1: jefri
ronde 2: draw
ronde 3: el
ronde 4: el","Netral"
"797","@user-mw7fi5pk8u","Pantesan artur beterbiev di juluki monsterğŸ˜‚â¤","Netral"
"798","@happyyummy5994","Lawan rodtang aja biar seru wkwkwk","Netral"
"799","@cipungcimung5832","Ko bisa el menang ğŸ˜…ğŸ˜…","Positif"
"800","@mong_cnl5061","@opunksthil wah mantap kali ni SERU, Tapi lagi SERU FIGHT di MMA UFC,,  ADMIN gua TANTANG ELU FIGHT MMA/UFC ğŸ¤—","Positif"
